application/1d-interleaved-parityfec;;
application/3gpdash-qoe-report+xml;;
application/3gpp-ims+xml;;
application/a2l;a2l;
application/activemessage;;
application/activity+json;;
application/alto-costmap+json;;
application/alto-costmapfilter+json;;
application/alto-directory+json;;
application/alto-endpointcost+json;;
application/alto-endpointcostparams+json;;
application/alto-endpointprop+json;;
application/alto-endpointpropparams+json;;
application/alto-error+json;;
application/alto-networkmap+json;;
application/alto-networkmapfilter+json;;
application/alto-updatestreamcontrol+json;;
application/alto-updatestreamparams+json;;
application/aml;aml;
application/andrew-inset;ez;
application/applefile;;base64
application/atf;atf;
application/atfx;atfx;
application/atom+xml;atom;8bit
application/atomcat+xml;atomcat;
application/atomdeleted+xml;atomdeleted;
application/atomicmail;;
application/atomsvc+xml;atomsvc;
application/atsc-dwd+xml;dwd;
application/atsc-dynamic-event-message;;
application/atsc-held+xml;held;
application/atsc-rdt+json;;
application/atsc-rsat+xml;rsat;
application/atxml;atxml;
application/auth-policy+xml;apxml;
application/bacnet-xdd+zip;xdd;
application/batch-smtp;;
application/beep+xml;;
application/calendar+json;;
application/calendar+xml;xcs;
application/call-completion;;
application/cals-1840;;
application/captive+json;;
application/cbor;cbor;
application/cbor-seq;;
application/cccex;c3ex;
application/ccmp+xml;ccmp;
application/ccxml+xml;ccxml;
application/cdfx+xml;cdfx;
application/cdmi-capability;cdmia;
application/cdmi-container;cdmic;
application/cdmi-domain;cdmid;
application/cdmi-object;cdmio;
application/cdmi-queue;cdmiq;
application/cdni;;
application/cea;cea;
application/cea-2018+xml;xml;
application/cellml+xml;cellml;
application/cfw;;
application/clr;1clr;
application/clue+xml;xml;
application/clue_info+xml;clue;
application/cms;cmsc;
application/cnrp+xml;;
application/coap-group+json;json;
application/coap-payload;;
application/commonground;dp;
application/conference-info+xml;xml;
application/cose;cbor;
application/cose-key;cbor;
application/cose-key-set;cbor;
application/cpl+xml;cpl,xml;
application/csrattrs;csrattrs;
application/csta+xml;;
application/cstadata+xml;;
application/csvm+json;json;
application/cwt;;
application/cybercash;;
application/dash+xml;mpd,mdp;
application/dashdelta;mpdd;
application/davmount+xml;davmount;
application/dca-rft;;
application/dcd;dcd;
application/dec-dx;;
application/dialog-info+xml;xml;
application/dicom;dcm;
application/dicom+json;json;
application/dicom+xml;xml;
application/dii;dii;
application/dit;dit;
application/dns;;
application/dns+json;;
application/dns-message;;
application/dots+cbor;;
application/dskpp+xml;xmls;
application/dssc+der;dssc;
application/dssc+xml;xdssc;
application/dvcs;dvc;
application/ecmascript;es,ecma,js;
application/edi-consent;;
application/edi-x12;;
application/edifact;;
application/efi;efi;
application/elm+json;;
application/elm+xml;;
application/emergencycalldata.cap+xml;;
application/emergencycalldata.comment+xml;xml;
application/emergencycalldata.control+xml;xml;
application/emergencycalldata.deviceinfo+xml;xml;
application/emergencycalldata.ecall.msd;;
application/emergencycalldata.providerinfo+xml;xml;
application/emergencycalldata.serviceinfo+xml;xml;
application/emergencycalldata.subscriberinfo+xml;xml;
application/emergencycalldata.veds+xml;xml;
application/emma+xml;emma;
application/emotionml+xml;emotionml;
application/encaprtp;;
application/epp+xml;xml;
application/epub+zip;epub;
application/eshop;;
application/example;;
application/exi;exi;
application/expect-ct-report+json;;
application/fastinfoset;;
application/fastsoap;;
application/fdt+xml;fdt;
application/fhir+json;;
application/fhir+xml;;
application/fits;fits;
application/flexfec;;
application/font-sfnt;;
application/font-sfnt - deprecated in favor of font/sfnt;;
application/font-tdpfr;PFR;
application/font-woff;woff;
application/font-woff - deprecated in favor of font/woff;;
application/framework-attributes+xml;;
application/geo+json;json,geojson;
application/geo+json-seq;;
application/geopackage+sqlite3;gpkg;
application/geoxacml+xml;;
application/gltf-buffer;glbin,glbuf;
application/gml+xml;xml,gml;
application/gzip;gz;
application/h224;;
application/held+xml;heldxml;
application/http;;
application/hyperstudio;stk;
application/ibe-key-request+xml;;
application/ibe-pkg-reply+xml;;
application/ibe-pp-data;;
application/iges;iges,igs;
application/im-iscomposing+xml;;
application/index;;
application/index.cmd;;
application/index.obj;;
application/index.response;;
application/index.vnd;;
application/inkml+xml;inkml+xml,ink,inkml;
application/iotp;;
application/ipfix;ipfix;
application/ipp;;
application/isup;;
application/its+xml;its;
application/javascript;js,jsm;8bit
application/jf2feed+json;json;
application/jose;;
application/jose+json;;
application/jrd+json;jrd;
application/jscalendar+json;;
application/json;json,map;8bit
application/json-patch+json;json-patch;
application/json-seq;;
application/jwk+json;;
application/jwk-set+json;;
application/jwt;;
application/kpml-request+xml;;
application/kpml-response+xml;;
application/ld+json;jsonld;
application/lgr+xml;lgr;
application/link-format;wlnk;
application/load-control+xml;xml;
application/lost+xml;lostxml;
application/lostsync+xml;lostsyncxml;
application/lpf+zip;;
application/lxf;lxf;
application/mac-binhex40;hqx;8bit
application/macwriteii;;
application/mads+xml;mads;
application/marc;mrc;
application/marcxml+xml;mrcx;
application/mathematica;nb,ma,mb,nbp;
application/mathematica-old;;
application/mathml+xml;mathml,mml;
application/mathml-content+xml;;
application/mathml-presentation+xml;;
application/mbms-associated-procedure-description+xml;;
application/mbms-deregister+xml;;
application/mbms-envelope+xml;;
application/mbms-msk+xml;;
application/mbms-msk-response+xml;;
application/mbms-protection-description+xml;;
application/mbms-reception-report+xml;;
application/mbms-register+xml;;
application/mbms-register-response+xml;;
application/mbms-schedule+xml;;
application/mbms-user-service-description+xml;;
application/mbox;mbox;
application/media-policy-dataset+xml;mpf,xml;
application/media_control+xml;;
application/mediaservercontrol+xml;mscml;
application/merge-patch+json;;
application/metalink4+xml;meta4;
application/mets+xml;mets;
application/mf4;mf4;
application/mikey;;
application/mipc;;
application/mmt-aei+xml;maei;
application/mmt-usd+xml;musd;
application/mods+xml;mods;
application/moss-keys;;
application/moss-signature;;
application/mosskey-data;;
application/mosskey-request;;
application/mp21;mp21,m21;
application/mp4;mpg4,mp4,mp4s,m4p;
application/mpeg4-generic;;
application/mpeg4-iod;mpg4,mp4;
application/mpeg4-iod-xmt;mpg4,mp4;
application/mrb-consumer+xml;xdf;
application/mrb-publish+xml;xdf;
application/msc-ivr+xml;;
application/msc-mixer+xml;;
application/msword;doc,dot,w6w,wiz,word;
application/mud+json;;
application/multipart-core;;
application/mxf;mxf;
application/n-quads;nq;
application/n-triples;nt;
application/nasdata;;
application/news-checkgroups;;
application/news-groupinfo;;
application/news-transmission;;
application/nlsml+xml;;
application/node;js,cjs;
application/nss;;
application/ocsp-request;ORQ;
application/ocsp-response;ORS;
application/octet-stream;lrf,mar,bpk,dump,deploy,lhx,saveme,buffer;base64
application/oda;oda;
application/odm+xml;xml;
application/odx;odx;
application/oebps-package+xml;opf;
application/ogg;ogx;
application/opc-nodeset+xml;;
application/oscore;;
application/oxps;oxps,xps;
application/p2p-overlay+xml;relo;
application/parityfec;;
application/passport;;
application/patch-ops-error+xml;xer;
application/pdf;pdf;base64
application/pdx;pdx;
application/pem-certificate-chain;pem;
application/pgp-encrypted;pgp,gpg,asc;7bit
application/pgp-keys;asc,key,skr,pkr,pgp,gpg;7bit
application/pgp-signature;asc,sig,pgp,gpg;base64
application/pidf+xml;;
application/pidf-diff+xml;xml;
application/pkcs10;p10;
application/pkcs12;p12,pfx;
application/pkcs7-mime;p7m,p7c;
application/pkcs7-signature;p7s;
application/pkcs8;p8;
application/pkcs8-encrypted;p8e;
application/pkix-attr-cert;ac;
application/pkix-cert;CER,crt;
application/pkix-crl;CRL;
application/pkix-pkipath;pkipath;
application/pkixcmp;PKI;
application/pls+xml;pls;
application/poc-settings+xml;;
application/postscript;ps-z,ps,ai,eps,epsi,epsf,eps2,eps3;base64
application/ppsp-tracker+json;;
application/problem+json;;
application/problem+xml;;
application/provenance+xml;provx;
application/prs.alvestrand.titrax-sheet;;
application/prs.cww;cw,cww;
application/prs.cyn;;
application/prs.hpub+zip;HPUB;
application/prs.nprend;rnd,rct;
application/prs.plucker;;
application/prs.rdf-xml-crypt;rdf-crypt;
application/prs.xsf+xml;xsf,xml;
application/pskc+xml;pskcxml;
application/pvd+json;;
application/qsig;;
application/raptorfec;;
application/rdap+json;;
application/rdf+xml;rdf,rdfs,owl;8bit
application/reginfo+xml;rif,xml;
application/relax-ng-compact-syntax;rnc;
application/remote-printing;;
application/reputon+json;;
application/resource-lists+xml;rl;
application/resource-lists-diff+xml;rld;
application/rfc+xml;xml,rfcxml;
application/riscos;;
application/rlmi+xml;;
application/rls-services+xml;rs;
application/route-apd+xml;rapd;
application/route-s-tsid+xml;sls;
application/route-usd+xml;rusd;
application/rpki-ghostbusters;gbr;
application/rpki-manifest;mft;
application/rpki-publication;;
application/rpki-roa;roa;
application/rpki-updown;;
application/rtf;rtf,rtx;8bit
application/rtploopback;;
application/rtx;;
application/samlassertion+xml;;
application/samlmetadata+xml;;
application/sarif+json;sarif,json;
application/sbe;;
application/sbml+xml;sbml;
application/scaip+xml;;
application/scim+json;scim,scm;
application/scvp-cv-request;SCQ;
application/scvp-cv-response;SCS;
application/scvp-vp-request;SPQ;
application/scvp-vp-response;SPP;
application/sdp;sdp;
application/secevent+jwt;;
application/senml+cbor;senmlc;
application/senml+json;senml;
application/senml+xml;senmlx;
application/senml-etch+cbor;senml-etchc;
application/senml-etch+json;senml-etchj;
application/senml-exi;senmle;
application/sensml+cbor;sensmlc;
application/sensml+json;sensml;
application/sensml+xml;sensmlx;
application/sensml-exi;sensmle;
application/sep+xml;;
application/sep-exi;;
application/session-info;;
application/set-payment;;
application/set-payment-initiation;setpay;
application/set-registration;;
application/set-registration-initiation;setreg;
application/sgml;;
application/sgml-open-catalog;soc;
application/shf+xml;shf;
application/sieve;siv,sieve;
application/simple-filter+xml;cl,xml;
application/simple-message-summary;;
application/simplesymbolcontainer;;
application/sipc;;
application/slate;;
application/smil;smil,smi,sml;8bit
application/smil+xml;smi,smil,sml,kino;
application/smpte336m;;
application/soap+fastinfoset;;
application/soap+xml;;
application/sparql-query;rq;
application/sparql-results+xml;srx;
application/spirits-event+xml;;
application/sql;sql;
application/srgs;gram;
application/srgs+xml;grxml;
application/sru+xml;sru;
application/ssml+xml;ssml;
application/stix+json;stix;
application/swid+xml;swidtag;
application/tamp-apex-update;tau;
application/tamp-apex-update-confirm;auc;
application/tamp-community-update;tcu;
application/tamp-community-update-confirm;cuc;
application/tamp-error;ter;
application/tamp-sequence-adjust;tsa;
application/tamp-sequence-adjust-confirm;sac;
application/tamp-status-query;tsq;
application/tamp-status-response;tsr;
application/tamp-update;tur;
application/tamp-update-confirm;tuc;
application/taxii+json;;
application/td+json;jsontd;
application/tei+xml;tei,teicorpus;
application/tetra_isi;;
application/thraud+xml;tfi;
application/timestamp-query;;
application/timestamp-reply;;
application/timestamped-data;tsd;
application/tlsrpt+gzip;gz;
application/tlsrpt+json;json;
application/tnauthlist;;
application/trickle-ice-sdpfrag;;
application/trig;trig;
application/ttml+xml;ttml;
application/tve-trigger;;
application/tzif;;
application/tzif-leap;;
application/ulpfec;;
application/urc-grpsheet+xml;gsheet;
application/urc-ressheet+xml;rsheet;
application/urc-targetdesc+xml;td;
application/urc-uisocketdesc+xml;uis;
application/vcard+json;;
application/vcard+xml;xml;
application/vemmi;;
application/vividence.scriptfile;vsf,vtd,vd;
application/vnd.1000minds.decision-model+xml;1km;
application/vnd.3gpp-prose+xml;;
application/vnd.3gpp-prose-pc3ch+xml;;
application/vnd.3gpp-v2x-local-service-information;;
application/vnd.3gpp.5gnas;;
application/vnd.3gpp.access-transfer-events+xml;;
application/vnd.3gpp.bsf+xml;;
application/vnd.3gpp.gmop+xml;;
application/vnd.3gpp.gtpc;;
application/vnd.3gpp.interworking-data;;
application/vnd.3gpp.lpp;;
application/vnd.3gpp.mc-signalling-ear;;
application/vnd.3gpp.mcdata-affiliation-command+xml;;
application/vnd.3gpp.mcdata-info+xml;;
application/vnd.3gpp.mcdata-payload;;
application/vnd.3gpp.mcdata-service-config+xml;;
application/vnd.3gpp.mcdata-signalling;;
application/vnd.3gpp.mcdata-ue-config+xml;;
application/vnd.3gpp.mcdata-user-profile+xml;;
application/vnd.3gpp.mcptt-affiliation-command+xml;;
application/vnd.3gpp.mcptt-floor-request+xml;;
application/vnd.3gpp.mcptt-info+xml;;
application/vnd.3gpp.mcptt-location-info+xml;;
application/vnd.3gpp.mcptt-mbms-usage-info+xml;;
application/vnd.3gpp.mcptt-service-config+xml;;
application/vnd.3gpp.mcptt-signed+xml;;
application/vnd.3gpp.mcptt-ue-config+xml;;
application/vnd.3gpp.mcptt-ue-init-config+xml;;
application/vnd.3gpp.mcptt-user-profile+xml;;
application/vnd.3gpp.mcvideo-affiliation-command+xml;;
application/vnd.3gpp.mcvideo-affiliation-info+xml;;
application/vnd.3gpp.mcvideo-info+xml;;
application/vnd.3gpp.mcvideo-location-info+xml;;
application/vnd.3gpp.mcvideo-mbms-usage-info+xml;;
application/vnd.3gpp.mcvideo-service-config+xml;;
application/vnd.3gpp.mcvideo-transmission-request+xml;;
application/vnd.3gpp.mcvideo-ue-config+xml;;
application/vnd.3gpp.mcvideo-user-profile+xml;;
application/vnd.3gpp.mid-call+xml;;
application/vnd.3gpp.ngap;;
application/vnd.3gpp.pfcp;;
application/vnd.3gpp.pic-bw-large;plb;
application/vnd.3gpp.pic-bw-small;psb;
application/vnd.3gpp.pic-bw-var;pvb;
application/vnd.3gpp.s1ap;;
application/vnd.3gpp.sms;sms;
application/vnd.3gpp.sms+xml;;
application/vnd.3gpp.srvcc-ext+xml;;
application/vnd.3gpp.srvcc-info+xml;;
application/vnd.3gpp.state-and-event-info+xml;;
application/vnd.3gpp.ussd+xml;;
application/vnd.3gpp2.bcmcsinfo+xml;;
application/vnd.3gpp2.sms;sms;
application/vnd.3gpp2.tcap;tcap;
application/vnd.3lightssoftware.imagescal;imgcal;
application/vnd.3m.post-it-notes;pwn;
application/vnd.accpac.simply.aso;aso;
application/vnd.accpac.simply.imp;imp;
application/vnd.acucobol;acu;
application/vnd.acucorp;atc,acutc;7bit
application/vnd.adobe.air-application-installer-package+zip;air;
application/vnd.adobe.flash.movie;swf,spl;
application/vnd.adobe.formscentral.fcdt;fcdt;
application/vnd.adobe.fxp;fxp,fxpl;
application/vnd.adobe.partial-upload;;
application/vnd.adobe.xdp+xml;xdp;
application/vnd.adobe.xfdf;xfdf;
application/vnd.aether.imp;;
application/vnd.afpc.afplinedata;;
application/vnd.afpc.afplinedata-pagedef;;
application/vnd.afpc.cmoca-cmresource;;
application/vnd.afpc.foca-charset;;
application/vnd.afpc.foca-codedfont;;
application/vnd.afpc.foca-codepage;;
application/vnd.afpc.modca;list3820,listafp,afp,pseg3820;
application/vnd.afpc.modca-cmtable;;
application/vnd.afpc.modca-formdef;;
application/vnd.afpc.modca-mediummap;;
application/vnd.afpc.modca-objectcontainer;;
application/vnd.afpc.modca-overlay;ovl;
application/vnd.afpc.modca-pagesegment;psg;
application/vnd.ah-barcode;;
application/vnd.ahead.space;ahead;
application/vnd.airzip.filesecure.azf;azf;
application/vnd.airzip.filesecure.azs;azs;
application/vnd.amadeus+json;json;
application/vnd.amazon.ebook;azw;
application/vnd.amazon.mobi8-ebook;azw3;
application/vnd.americandynamics.acc;acc;
application/vnd.amiga.ami;ami;
application/vnd.amiga.amu;ami;
application/vnd.amundsen.maze+xml;xml;
application/vnd.android.ota;ota;
application/vnd.android.package-archive;apk;
application/vnd.anki;apkg;
application/vnd.anser-web-certificate-issue-initiation;cii;
application/vnd.anser-web-funds-transfer-initiation;fti;
application/vnd.antix.game-component;atx;
application/vnd.apache.thrift.binary;;
application/vnd.apache.thrift.compact;;
application/vnd.apache.thrift.json;;
application/vnd.api+json;json;
application/vnd.aplextor.warrp+json;json;
application/vnd.apothekende.reservation+json;json;
application/vnd.apple.installer+xml;dist,distz,pkg,mpkg;
application/vnd.apple.keynote;key;
application/vnd.apple.mpegurl;m3u8,m3u;
application/vnd.apple.numbers;numbers;
application/vnd.apple.pages;pages;
application/vnd.arastra.swi;swi;
application/vnd.aristanetworks.swi;swi;
application/vnd.artisan+json;artisan;
application/vnd.artsquare;;
application/vnd.astraea-software.iota;iota;
application/vnd.audiograph;aep;
application/vnd.autopackage;package;
application/vnd.avalon+json;json;
application/vnd.avistar+xml;xml;
application/vnd.balsamiq.bmml+xml;bmml;
application/vnd.balsamiq.bmpr;bmpr;
application/vnd.banana-accounting;ac2;
application/vnd.bbf.usp.error;;
application/vnd.bbf.usp.msg;;
application/vnd.bbf.usp.msg+json;;
application/vnd.bekitzur-stech+json;json;
application/vnd.bint.med-content;;
application/vnd.biopax.rdf+xml;owl,rdf;
application/vnd.blink-idb-value-wrapper;;
application/vnd.blueice.multipass;mpm;
application/vnd.bluetooth.ep.oob;EP;
application/vnd.bluetooth.le.oob;LE;
application/vnd.bmi;BMI;
application/vnd.bpf;;
application/vnd.bpf3;;
application/vnd.businessobjects;rep;
application/vnd.byu.uapi+json;json;
application/vnd.cab-jscript;;
application/vnd.canon-cpdl;;
application/vnd.canon-lips;;
application/vnd.capasystems-pg+json;json;
application/vnd.cendio.thinlinc.clientconf;tlclient;
application/vnd.century-systems.tcp_stream;;
application/vnd.chemdraw+xml;cdxml;
application/vnd.chess-pgn;pgn;
application/vnd.chipnuts.karaoke-mmd;mmd;
application/vnd.ciedi;;
application/vnd.cinderella;cdy;
application/vnd.cirpack.isdn-ext;;
application/vnd.citationstyles.style+xml;csl;
application/vnd.claymore;cla;
application/vnd.cloanto.rp9;rp9;
application/vnd.clonk.c4group;c4g,c4d,c4f,c4p,c4u;
application/vnd.cluetrust.cartomobile-config;c11amc;
application/vnd.cluetrust.cartomobile-config-pkg;c11amz;
application/vnd.coffeescript;coffee;
application/vnd.collabio.xodocuments.document;xodt;
application/vnd.collabio.xodocuments.document-template;xott;
application/vnd.collabio.xodocuments.presentation;xodp;
application/vnd.collabio.xodocuments.presentation-template;xotp;
application/vnd.collabio.xodocuments.spreadsheet;xods;
application/vnd.collabio.xodocuments.spreadsheet-template;xots;
application/vnd.collection+json;json;
application/vnd.collection.doc+json;json;
application/vnd.collection.next+json;json;
application/vnd.comicbook+zip;cbz;
application/vnd.comicbook-rar;cbr;
application/vnd.commerce-battelle;ica,icf,icd,icc,ic1;
application/vnd.commonspace;csp,cst;
application/vnd.comsocaller;;
application/vnd.contact.cmsg;cdbcmsg;
application/vnd.corel-draw;cdr;
application/vnd.coreos.ignition+json;ign,ignition;
application/vnd.cosmocaller;cmc;
application/vnd.crick.clicker;clkx;
application/vnd.crick.clicker.keyboard;clkk;
application/vnd.crick.clicker.palette;clkp;
application/vnd.crick.clicker.template;clkt;
application/vnd.crick.clicker.wordbank;clkw;
application/vnd.criticaltools.wbs+xml;wbs;
application/vnd.cryptii.pipe+json;json;
application/vnd.crypto-shade-file;ssv,ssvc;
application/vnd.cryptomator.encrypted;c9r,c9s;
application/vnd.cryptomator.vault;cryptomator;
application/vnd.ctc-posml;pml;
application/vnd.ctct.ws+xml;;
application/vnd.cups-pdf;;
application/vnd.cups-postscript;;
application/vnd.cups-ppd;ppd,gz;
application/vnd.cups-raster;;
application/vnd.cups-raw;;
application/vnd.curl;curl;
application/vnd.curl.car;car;
application/vnd.curl.pcurl;pcurl;
application/vnd.cyan.dean.root+xml;xml;
application/vnd.cybank;;
application/vnd.cyclonedx+json;json;
application/vnd.cyclonedx+xml;xml;
application/vnd.d2l.coursepackage1p0+zip;;
application/vnd.d3m-dataset;json;
application/vnd.d3m-problem;json;
application/vnd.dart;dart;
application/vnd.data-vision.rdz;rdz;
application/vnd.datapackage+json;json;
application/vnd.dataresource+json;json;
application/vnd.dbf;dbf;
application/vnd.debian.binary-package;deb,udeb;
application/vnd.dece.data;uvf,uvvf,uvd,uvvd;
application/vnd.dece.ttml+xml;uvt,uvvt;
application/vnd.dece.unspecified;uvx,uvvx;
application/vnd.dece.zip;uvz,uvvz;
application/vnd.denovo.fcselayout-link;fe_launch;
application/vnd.desmume.movie;dsm;
application/vnd.dir-bi.plate-dl-nosuffix;;
application/vnd.dm.delegation+xml;;
application/vnd.dna;dna;
application/vnd.document+json;docjson;
application/vnd.dolby.mlp;mlp;
application/vnd.dolby.mobile.1;;
application/vnd.dolby.mobile.2;;
application/vnd.doremir.scorecloud-binary-document;scld;
application/vnd.dpgraph;dpg,mwc,dpgraph;
application/vnd.dreamfactory;dfac;
application/vnd.drive+json;json;
application/vnd.ds-keypoint;kpxx;
application/vnd.dtg.local;;
application/vnd.dtg.local.flash;fla;
application/vnd.dtg.local.html;;
application/vnd.dvb.ait;AIT;
application/vnd.dvb.dvbisl+xml;;
application/vnd.dvb.dvbj;class;
application/vnd.dvb.esgcontainer;;
application/vnd.dvb.ipdcdftnotifaccess;;
application/vnd.dvb.ipdcesgaccess;;
application/vnd.dvb.ipdcesgaccess2;;
application/vnd.dvb.ipdcesgpdd;;
application/vnd.dvb.ipdcroaming;;
application/vnd.dvb.iptv.alfec-base;;
application/vnd.dvb.iptv.alfec-enhancement;;
application/vnd.dvb.notif-aggregate-root+xml;;
application/vnd.dvb.notif-container+xml;;
application/vnd.dvb.notif-generic+xml;;
application/vnd.dvb.notif-ia-msglist+xml;;
application/vnd.dvb.notif-ia-registration-request+xml;;
application/vnd.dvb.notif-ia-registration-response+xml;;
application/vnd.dvb.notif-init+xml;;
application/vnd.dvb.pfr;pfr;
application/vnd.dvb.service;svc;
application/vnd.dxr;dxr;
application/vnd.dynageo;geo;
application/vnd.dzr;dzr;
application/vnd.easykaraoke.cdgdownload;zip;
application/vnd.ecdis-update;;
application/vnd.ecip.rlp;;
application/vnd.ecowin.chart;mag;
application/vnd.ecowin.filerequest;;
application/vnd.ecowin.fileupdate;;
application/vnd.ecowin.series;;
application/vnd.ecowin.seriesrequest;;
application/vnd.ecowin.seriesupdate;;
application/vnd.efi.img;img;
application/vnd.efi.iso;iso;
application/vnd.emclient.accessrequest+xml;;
application/vnd.emusic-emusic_package;emp;
application/vnd.enliven;nml;
application/vnd.enphase.envoy;;
application/vnd.eprints.data+xml;xml;
application/vnd.epson.esf;esf;
application/vnd.epson.msf;msf;
application/vnd.epson.quickanime;qam;
application/vnd.epson.salt;slt;
application/vnd.epson.ssf;ssf;
application/vnd.ericsson.quickcall;qcall,qca;
application/vnd.espass-espass+zip;espass;
application/vnd.eszigno3+xml;es3,et3;
application/vnd.etsi.aoc+xml;;
application/vnd.etsi.asic-e+zip;asice,sce;
application/vnd.etsi.asic-s+zip;asics,scs;
application/vnd.etsi.cug+xml;;
application/vnd.etsi.iptvcommand+xml;;
application/vnd.etsi.iptvdiscovery+xml;;
application/vnd.etsi.iptvprofile+xml;;
application/vnd.etsi.iptvsad-bc+xml;;
application/vnd.etsi.iptvsad-cod+xml;;
application/vnd.etsi.iptvsad-npvr+xml;;
application/vnd.etsi.iptvservice+xml;;
application/vnd.etsi.iptvsync+xml;;
application/vnd.etsi.iptvueprofile+xml;;
application/vnd.etsi.mcid+xml;;
application/vnd.etsi.mheg5;;
application/vnd.etsi.overload-control-policy-dataset+xml;;
application/vnd.etsi.pstn+xml;xml;
application/vnd.etsi.sci+xml;;
application/vnd.etsi.simservs+xml;;
application/vnd.etsi.timestamp-token;tst;
application/vnd.etsi.tsl+xml;;
application/vnd.etsi.tsl.der;;
application/vnd.eudora.data;;
application/vnd.evolv.ecig.profile;ecigprofile;
application/vnd.evolv.ecig.settings;ecig;
application/vnd.evolv.ecig.theme;ecigtheme;
application/vnd.exstream-empower+zip;mpw;
application/vnd.exstream-package;pub,pkg;
application/vnd.ezpix-album;ez2;
application/vnd.ezpix-package;ez3;
application/vnd.f-secure.mobile;;
application/vnd.fastcopy-disk-image;dim;
application/vnd.fdf;fdf;
application/vnd.fdsn.mseed;msd,mseed,seed,dataless;
application/vnd.fdsn.seed;seed,dataless;
application/vnd.ffsns;;
application/vnd.ficlab.flb+zip;flb;
application/vnd.filmit.zfc;zfc;
application/vnd.fints;hbci,hbc,kom,upa,pkd,bpd;
application/vnd.firemonkeys.cloudcell;;
application/vnd.flographit;gph;
application/vnd.fluxtime.clip;FTC;
application/vnd.font-fontforge-sfd;sfd;
application/vnd.framemaker;fm,frame,maker,book;
application/vnd.frogans.fnc;FNC;
application/vnd.frogans.ltf;LTF;
application/vnd.fsc.weblauch;fsc;7bit
application/vnd.fsc.weblaunch;fsc;
application/vnd.fujitsu.oasys;oas;
application/vnd.fujitsu.oasys2;oa2;
application/vnd.fujitsu.oasys3;oa3;
application/vnd.fujitsu.oasysgp;fg5;
application/vnd.fujitsu.oasysprs;bh2;
application/vnd.fujixerox.art-ex;;
application/vnd.fujixerox.art4;;
application/vnd.fujixerox.ddd;ddd;
application/vnd.fujixerox.docuworks;xdw;
application/vnd.fujixerox.docuworks.binder;xbd;
application/vnd.fujixerox.docuworks.container;xct;
application/vnd.fujixerox.hbpl;;
application/vnd.fut-misnet;;
application/vnd.futoin+cbor;;
application/vnd.futoin+json;;
application/vnd.fuzzysheet;fzs;
application/vnd.genomatix.tuxedo;txd;
application/vnd.gentics.grd+json;grd;
application/vnd.geo+json;json,geojson;
application/vnd.geocube+xml;g3;
application/vnd.geogebra.file;ggb;
application/vnd.geogebra.slides;ggs;
application/vnd.geogebra.tool;ggt;
application/vnd.geometry-explorer;gex,gre;
application/vnd.geonext;gxt;
application/vnd.geoplan;g2w;
application/vnd.geospace;g3w;
application/vnd.gerber;gbr;
application/vnd.globalplatform.card-content-mgt;;
application/vnd.globalplatform.card-content-mgt-response;;
application/vnd.gmx;gmx;
application/vnd.gmx - deprecated;;
application/vnd.google-earth.kml+xml;kml;8bit
application/vnd.google-earth.kmz;kmz;8bit
application/vnd.gov.sk.e-form+xml;xml;
application/vnd.gov.sk.e-form+zip;zip;
application/vnd.gov.sk.xmldatacontainer+xml;xml;
application/vnd.grafeq;gqf,gqs;
application/vnd.gridmp;;
application/vnd.groove-account;gac;
application/vnd.groove-help;ghf;
application/vnd.groove-identity-message;gim;
application/vnd.groove-injector;grv;
application/vnd.groove-tool-message;gtm;
application/vnd.groove-tool-template;tpl;
application/vnd.groove-vcard;vcg;
application/vnd.hal+json;json;
application/vnd.hal+xml;hal;
application/vnd.handheld-entertainment+xml;ZMM;
application/vnd.hbci;hbci,hbc,kom,upa,pkd,bpd;
application/vnd.hc+json;json;
application/vnd.hcl-bireports;rep;
application/vnd.hdt;hdt;
application/vnd.heroku+json;json;
application/vnd.hhe.lesson-player;les;
application/vnd.hp-hpgl;plt,hpgl,hgl,hpg;
application/vnd.hp-hpid;hpi,hpid;
application/vnd.hp-hps;hps;
application/vnd.hp-jlyt;jlt;
application/vnd.hp-pcl;pcl;
application/vnd.hp-pclxl;pclxl;
application/vnd.httphone;;
application/vnd.hydrostatix.sof-data;sfd-hdstx;
application/vnd.hyper+json;json;
application/vnd.hyper-item+json;json;
application/vnd.hyperdrive+json;json;
application/vnd.hzn-3d-crossword;x3d;
application/vnd.ibm.afplinedata;;
application/vnd.ibm.electronic-media;emm;
application/vnd.ibm.minipay;mpy;
application/vnd.ibm.modcap;list3820,listafp,afp,pseg3820;
application/vnd.ibm.rights-management;irm;
application/vnd.ibm.secure-container;sc;
application/vnd.iccprofile;icc,icm;
application/vnd.ieee.1905;1;
application/vnd.igloader;igl;
application/vnd.imagemeter.folder+zip;imf;
application/vnd.imagemeter.image+zip;imi;
application/vnd.immervision-ivp;ivp;
application/vnd.immervision-ivu;ivu;
application/vnd.ims.imsccv1p1;imscc;
application/vnd.ims.imsccv1p2;imscc;
application/vnd.ims.imsccv1p3;imscc;
application/vnd.ims.lis.v2.result+json;jsonld,json;
application/vnd.ims.lti.v2.toolconsumerprofile+json;jsonld,json;
application/vnd.ims.lti.v2.toolproxy+json;jsonld,json;
application/vnd.ims.lti.v2.toolproxy.id+json;jsonld,json;
application/vnd.ims.lti.v2.toolsettings+json;jsonld,json;
application/vnd.ims.lti.v2.toolsettings.simple+json;jsonld,json;
application/vnd.informedcontrol.rms+xml;xml;
application/vnd.informix-visionary;vis;
application/vnd.infotech.project;json;
application/vnd.infotech.project+xml;XML;
application/vnd.innopath.wamp.notification;;
application/vnd.insors.igm;igm;
application/vnd.intercon.formnet;XPW,XPX;
application/vnd.intergeo;i2g;
application/vnd.intertrust.digibox;;
application/vnd.intertrust.nncp;;
application/vnd.intu.qbo;QBO;
application/vnd.intu.qfx;QFX;
application/vnd.iptc.g2.catalogitem+xml;xml;
application/vnd.iptc.g2.conceptitem+xml;xml;
application/vnd.iptc.g2.knowledgeitem+xml;xml;
application/vnd.iptc.g2.newsitem+xml;xml;
application/vnd.iptc.g2.newsmessage+xml;xml;
application/vnd.iptc.g2.packageitem+xml;xml;
application/vnd.iptc.g2.planningitem+xml;xml;
application/vnd.ipunplugged.rcprofile;rcprofile;
application/vnd.irepository.package+xml;irp;
application/vnd.is-xpr;XPR;
application/vnd.isac.fcs;fcs;
application/vnd.iso11783-10+zip;zip;
application/vnd.jam;jam;
application/vnd.japanet-registration-wakeup;;
application/vnd.japannet-directory-service;;
application/vnd.japannet-jpnstore-wakeup;;
application/vnd.japannet-payment-wakeup;;
application/vnd.japannet-registration;;
application/vnd.japannet-registration-wakeup;;
application/vnd.japannet-setstore-wakeup;;
application/vnd.japannet-verification;;
application/vnd.japannet-verification-wakeup;;
application/vnd.jcp.javame.midlet-rms;rms;
application/vnd.jisp;jisp;
application/vnd.joost.joda-archive;joda;
application/vnd.jsk.isdn-ngn;;
application/vnd.kahootz;ktz,ktr;
application/vnd.kde.karbon;KARBON;
application/vnd.kde.kchart;CHRT;
application/vnd.kde.kformula;KFO;
application/vnd.kde.kivio;FLW;
application/vnd.kde.kontour;KON;
application/vnd.kde.kpresenter;KPR,KPT;
application/vnd.kde.kspread;KSP;
application/vnd.kde.kword;KWT,KWD;
application/vnd.kenameaapp;htke;
application/vnd.kenameapp;htke;
application/vnd.kidspiration;kia;
application/vnd.kinar;kne,knp,sdf;
application/vnd.koan;skp,skd,skt,skm;
application/vnd.kodak-descriptor;SSE;
application/vnd.las;;
application/vnd.las.las+json;lasjson;
application/vnd.las.las+xml;lasxml;
application/vnd.laszip;;
application/vnd.leap+json;json;
application/vnd.liberty-request+xml;;
application/vnd.llamagraphics.life-balance.desktop;lbd;
application/vnd.llamagraphics.life-balance.exchange+xml;lbe;
application/vnd.logipipe.circuit+zip;lcs,lca;
application/vnd.loom;loom;
application/vnd.lotus-1-2-3;123,wks,wk1,wk3,wk4;
application/vnd.lotus-approach;apr;
application/vnd.lotus-freelance;prz,pre;
application/vnd.lotus-notes;nsf;
application/vnd.lotus-organizer;or3,org;
application/vnd.lotus-screencam;scm;
application/vnd.lotus-wordpro;lwp;
application/vnd.macports.portpkg;portpkg;
application/vnd.mapbox-vector-tile;mvt;
application/vnd.marlin.drm.actiontoken+xml;;
application/vnd.marlin.drm.conftoken+xml;;
application/vnd.marlin.drm.license+xml;;
application/vnd.marlin.drm.mdcf;mdc;
application/vnd.mason+json;json;
application/vnd.maxmind.maxmind-db;mmdb;
application/vnd.mcd;MCD;
application/vnd.medcalcdata;MC1;
application/vnd.mediastation.cdkey;cdkey;
application/vnd.meridian-slingshot;;
application/vnd.mfer;mwf;
application/vnd.mfmp;mfm;
application/vnd.micro+json;json;
application/vnd.micrografx.flo;flo;
application/vnd.micrografx.igx;igx;
application/vnd.microsoft.portable-executable;exe,dll;
application/vnd.microsoft.windows.thumbnail-cache;;
application/vnd.miele+json;json;
application/vnd.mif;mif;
application/vnd.minisoft-hp3000-save;;
application/vnd.mitsubishi.misty-guard.trustweb;any;
application/vnd.mobius.daf;DAF;
application/vnd.mobius.dis;DIS;
application/vnd.mobius.mbk;MBK;
application/vnd.mobius.mqy;MQY;
application/vnd.mobius.msl;MSL;
application/vnd.mobius.plc;PLC;
application/vnd.mobius.txf;TXF;
application/vnd.mophun.application;mpn;
application/vnd.mophun.certificate;mpc;
application/vnd.motorola.flexsuite;;
application/vnd.motorola.flexsuite.adsi;;
application/vnd.motorola.flexsuite.fis;;
application/vnd.motorola.flexsuite.gotap;;
application/vnd.motorola.flexsuite.kmr;;
application/vnd.motorola.flexsuite.ttc;;
application/vnd.motorola.flexsuite.wem;;
application/vnd.motorola.iprm;;
application/vnd.mozilla.aul+xml;xul;
application/vnd.mozilla.xul+xml;xul;
application/vnd.ms-3mfdocument;3MF;
application/vnd.ms-access;mdb;
application/vnd.ms-artgalry;cil;
application/vnd.ms-asf;asf;
application/vnd.ms-cab-compressed;cab;
application/vnd.ms-color.iccprofile;;
application/vnd.ms-excel;xls,xlt,xlb,xla,xlm,xlc,xlw,xll,xld;base64
application/vnd.ms-excel.addin.macroenabled.12;xlam;
application/vnd.ms-excel.sheet.binary.macroenabled.12;xlsb;
application/vnd.ms-excel.sheet.macroenabled.12;xlsm;
application/vnd.ms-excel.template.macroenabled.12;xltm;
application/vnd.ms-fontobject;eot;
application/vnd.ms-htmlhelp;chm;
application/vnd.ms-ims;ims;
application/vnd.ms-lrm;lrm;
application/vnd.ms-office.activex+xml;;
application/vnd.ms-officetheme;thmx;
application/vnd.ms-opentype;;
application/vnd.ms-package.obfuscated-opentype;;
application/vnd.ms-pki.certstore;sst;
application/vnd.ms-pki.pko;pko;
application/vnd.ms-pki.seccat;cat;
application/vnd.ms-pki.stl;stl;
application/vnd.ms-playready.initiator+xml;;
application/vnd.ms-powerpoint;ppt,pps,pot,ppa,pwz,ppz;base64
application/vnd.ms-powerpoint.addin.macroenabled.12;ppam;
application/vnd.ms-powerpoint.presentation.macroenabled.12;pptm;
application/vnd.ms-powerpoint.slide.macroenabled.12;sldm;
application/vnd.ms-powerpoint.slideshow.macroenabled.12;ppsm;
application/vnd.ms-powerpoint.template.macroenabled.12;potm;
application/vnd.ms-printdevicecapabilities+xml;;
application/vnd.ms-printing.printticket+xml;;
application/vnd.ms-printschematicket+xml;;
application/vnd.ms-project;mpp,mpt;base64
application/vnd.ms-publisher;pub;
application/vnd.ms-tnef;tnef,tnf;base64
application/vnd.ms-windows.devicepairing;;
application/vnd.ms-windows.nwprinting.oob;;
application/vnd.ms-windows.printerpairing;;
application/vnd.ms-windows.wsd.oob;;
application/vnd.ms-wmdrm.lic-chlg-req;;
application/vnd.ms-wmdrm.lic-resp;;
application/vnd.ms-wmdrm.meter-chlg-req;;
application/vnd.ms-wmdrm.meter-resp;;
application/vnd.ms-word.document.macroenabled.12;docm;
application/vnd.ms-word.template.macroenabled.12;dotm;
application/vnd.ms-works;wps,wks,wcm,wdb,xlr;base64
application/vnd.ms-wpl;wpl;base64
application/vnd.ms-xpsdocument;xps;8bit
application/vnd.msa-disk-image;msa;
application/vnd.mseq;mseq;
application/vnd.msign;;
application/vnd.multiad.creator;crtr;
application/vnd.multiad.creator.cif;cif;
application/vnd.music-niff;;
application/vnd.musician;mus;
application/vnd.muvee.style;msty;
application/vnd.mynfc;taglet;
application/vnd.ncd.control;;
application/vnd.ncd.reference;;
application/vnd.nearst.inv+json;json;
application/vnd.nebumind.line;nebul,line;
application/vnd.nervana;ent,entity,req,request,bkm,kcm;
application/vnd.netfpx;fpx;
application/vnd.neurolanguage.nlu;nlu;
application/vnd.nimn;nimn;
application/vnd.nintendo.nitro.rom;nds;
application/vnd.nintendo.snes.rom;sfc,smc;
application/vnd.nitf;ntf,nitf;
application/vnd.noblenet-directory;NND;
application/vnd.noblenet-sealer;NNS;
application/vnd.noblenet-web;NNW;
application/vnd.nokia.catalogs;;
application/vnd.nokia.configuration-message;ncm;
application/vnd.nokia.conml+wbxml;;
application/vnd.nokia.conml+xml;;
application/vnd.nokia.iptv.config+xml;;
application/vnd.nokia.isds-radio-presets;;
application/vnd.nokia.landmark+wbxml;;
application/vnd.nokia.landmark+xml;;
application/vnd.nokia.landmarkcollection+xml;;
application/vnd.nokia.n-gage.ac+xml;ac;
application/vnd.nokia.n-gage.data;ngdat;
application/vnd.nokia.n-gage.symbian.install;n-gage;
application/vnd.nokia.ncd;;
application/vnd.nokia.pcd+wbxml;;
application/vnd.nokia.pcd+xml;;
application/vnd.nokia.radio-preset;rpst;
application/vnd.nokia.radio-presets;rpss;
application/vnd.nokia.ringing-tone;rng;
application/vnd.novadigm.edm;EDM;
application/vnd.novadigm.edx;EDX;
application/vnd.novadigm.ext;EXT;
application/vnd.ntt-local.content-share;;
application/vnd.ntt-local.file-transfer;;
application/vnd.ntt-local.ogw_remote-access;;
application/vnd.ntt-local.sip-ta_remote;;
application/vnd.ntt-local.sip-ta_tcp_stream;;
application/vnd.oasis.opendocument.chart;odc;
application/vnd.oasis.opendocument.chart-template;otc;
application/vnd.oasis.opendocument.database;odb;
application/vnd.oasis.opendocument.formula;odf;
application/vnd.oasis.opendocument.formula-template;otf,odft;
application/vnd.oasis.opendocument.graphics;odg;
application/vnd.oasis.opendocument.graphics-flat-xml;fodg;
application/vnd.oasis.opendocument.graphics-template;otg;
application/vnd.oasis.opendocument.image;odi;
application/vnd.oasis.opendocument.image-template;oti;
application/vnd.oasis.opendocument.presentation;odp;
application/vnd.oasis.opendocument.presentation-flat-xml;fodp;
application/vnd.oasis.opendocument.presentation-template;otp;
application/vnd.oasis.opendocument.spreadsheet;ods;
application/vnd.oasis.opendocument.spreadsheet-flat-xml;fods;
application/vnd.oasis.opendocument.spreadsheet-template;ots;
application/vnd.oasis.opendocument.text;odt;
application/vnd.oasis.opendocument.text-flat-xml;fodt;
application/vnd.oasis.opendocument.text-master;odm,otm;
application/vnd.oasis.opendocument.text-template;ott;
application/vnd.oasis.opendocument.text-web;oth;
application/vnd.obn;;
application/vnd.ocf+cbor;;
application/vnd.oci.image.manifest.v1+json;;
application/vnd.oftn.l10n+json;json;
application/vnd.oipf.contentaccessdownload+xml;;
application/vnd.oipf.contentaccessstreaming+xml;;
application/vnd.oipf.cspg-hexbinary;;
application/vnd.oipf.dae.svg+xml;;
application/vnd.oipf.dae.xhtml+xml;;
application/vnd.oipf.mippvcontrolmessage+xml;;
application/vnd.oipf.pae.gem;;
application/vnd.oipf.spdiscovery+xml;;
application/vnd.oipf.spdlist+xml;;
application/vnd.oipf.ueprofile+xml;;
application/vnd.oipf.userprofile+xml;;
application/vnd.olpc-sugar;xo;
application/vnd.oma-scws-config;;
application/vnd.oma-scws-http-request;;
application/vnd.oma-scws-http-response;;
application/vnd.oma.bcast.associated-procedure-parameter+xml;;
application/vnd.oma.bcast.drm-trigger+xml;;
application/vnd.oma.bcast.imd+xml;;
application/vnd.oma.bcast.ltkm;;
application/vnd.oma.bcast.notification+xml;;
application/vnd.oma.bcast.provisioningtrigger;;
application/vnd.oma.bcast.sgboot;;
application/vnd.oma.bcast.sgdd+xml;;
application/vnd.oma.bcast.sgdu;;
application/vnd.oma.bcast.simple-symbol-container;;
application/vnd.oma.bcast.smartcard-trigger+xml;;
application/vnd.oma.bcast.sprov+xml;;
application/vnd.oma.bcast.stkm;;
application/vnd.oma.cab-address-book+xml;;
application/vnd.oma.cab-feature-handler+xml;;
application/vnd.oma.cab-pcc+xml;;
application/vnd.oma.cab-subs-invite+xml;;
application/vnd.oma.cab-user-prefs+xml;;
application/vnd.oma.dcd;;
application/vnd.oma.dcdc;;
application/vnd.oma.dd2+xml;xml,dd2;
application/vnd.oma.drm.risd+xml;;
application/vnd.oma.group-usage-list+xml;;
application/vnd.oma.lwm2m+cbor;;
application/vnd.oma.lwm2m+json;;
application/vnd.oma.lwm2m+tlv;;
application/vnd.oma.pal+xml;;
application/vnd.oma.poc.detailed-progress-report+xml;;
application/vnd.oma.poc.final-report+xml;;
application/vnd.oma.poc.groups+xml;;
application/vnd.oma.poc.invocation-descriptor+xml;;
application/vnd.oma.poc.optimized-progress-report+xml;;
application/vnd.oma.push;;
application/vnd.oma.scidm.messages+xml;;
application/vnd.oma.xcap-directory+xml;;
application/vnd.omads-email+xml;;
application/vnd.omads-file+xml;;
application/vnd.omads-folder+xml;;
application/vnd.omaloc-supl-init;;
application/vnd.onepager;tam;
application/vnd.onepagertamp;tamp;
application/vnd.onepagertamx;tamx;
application/vnd.onepagertat;tat;
application/vnd.onepagertatp;tatp;
application/vnd.onepagertatx;tatx;
application/vnd.openblox.game+xml;obgx;
application/vnd.openblox.game-binary;obg;
application/vnd.openeye.oeb;oeb;
application/vnd.openofficeorg.extension;oxt;
application/vnd.openstreetmap.data+xml;osm;
application/vnd.openxmlformats-officedocument.custom-properties+xml;xml;
application/vnd.openxmlformats-officedocument.customxmlproperties+xml;xml;
application/vnd.openxmlformats-officedocument.drawing+xml;xml;
application/vnd.openxmlformats-officedocument.drawingml.chart+xml;xml;
application/vnd.openxmlformats-officedocument.drawingml.chartshapes+xml;xml;
application/vnd.openxmlformats-officedocument.drawingml.diagramcolors+xml;xml;
application/vnd.openxmlformats-officedocument.drawingml.diagramdata+xml;xml;
application/vnd.openxmlformats-officedocument.drawingml.diagramlayout+xml;xml;
application/vnd.openxmlformats-officedocument.drawingml.diagramstyle+xml;xml;
application/vnd.openxmlformats-officedocument.extended-properties+xml;xml;
application/vnd.openxmlformats-officedocument.presentationml.commentauthors+xml;xml;
application/vnd.openxmlformats-officedocument.presentationml.comments+xml;xml;
application/vnd.openxmlformats-officedocument.presentationml.handoutmaster+xml;xml;
application/vnd.openxmlformats-officedocument.presentationml.notesmaster+xml;xml;
application/vnd.openxmlformats-officedocument.presentationml.notesslide+xml;xml;
application/vnd.openxmlformats-officedocument.presentationml.presentation;pptx;base64
application/vnd.openxmlformats-officedocument.presentationml.presentation.main+xml;xml;
application/vnd.openxmlformats-officedocument.presentationml.presprops+xml;xml;
application/vnd.openxmlformats-officedocument.presentationml.slide;sldx;
application/vnd.openxmlformats-officedocument.presentationml.slide+xml;xml;
application/vnd.openxmlformats-officedocument.presentationml.slidelayout+xml;xml;
application/vnd.openxmlformats-officedocument.presentationml.slidemaster+xml;xml;
application/vnd.openxmlformats-officedocument.presentationml.slideshow;ppsx;base64
application/vnd.openxmlformats-officedocument.presentationml.slideshow.main+xml;xml;
application/vnd.openxmlformats-officedocument.presentationml.slideupdateinfo+xml;xml;
application/vnd.openxmlformats-officedocument.presentationml.tablestyles+xml;xml;
application/vnd.openxmlformats-officedocument.presentationml.tags+xml;xml;
application/vnd.openxmlformats-officedocument.presentationml.template;potx;base64
application/vnd.openxmlformats-officedocument.presentationml.template.main+xml;xml;
application/vnd.openxmlformats-officedocument.presentationml.viewprops+xml;xml;
application/vnd.openxmlformats-officedocument.spreadsheetml.calcchain+xml;xml;
application/vnd.openxmlformats-officedocument.spreadsheetml.chartsheet+xml;xml;
application/vnd.openxmlformats-officedocument.spreadsheetml.comments+xml;xml;
application/vnd.openxmlformats-officedocument.spreadsheetml.connections+xml;xml;
application/vnd.openxmlformats-officedocument.spreadsheetml.dialogsheet+xml;xml;
application/vnd.openxmlformats-officedocument.spreadsheetml.externallink+xml;xml;
application/vnd.openxmlformats-officedocument.spreadsheetml.pivotcachedefinition+xml;xml;
application/vnd.openxmlformats-officedocument.spreadsheetml.pivotcacherecords+xml;xml;
application/vnd.openxmlformats-officedocument.spreadsheetml.pivottable+xml;xml;
application/vnd.openxmlformats-officedocument.spreadsheetml.querytable+xml;xml;
application/vnd.openxmlformats-officedocument.spreadsheetml.revisionheaders+xml;xml;
application/vnd.openxmlformats-officedocument.spreadsheetml.revisionlog+xml;xml;
application/vnd.openxmlformats-officedocument.spreadsheetml.sharedstrings+xml;xml;
application/vnd.openxmlformats-officedocument.spreadsheetml.sheet;xltx,xlsx;base64
application/vnd.openxmlformats-officedocument.spreadsheetml.sheet.main+xml;xml;
application/vnd.openxmlformats-officedocument.spreadsheetml.sheetmetadata+xml;xml;
application/vnd.openxmlformats-officedocument.spreadsheetml.styles+xml;xml;
application/vnd.openxmlformats-officedocument.spreadsheetml.table+xml;xml;
application/vnd.openxmlformats-officedocument.spreadsheetml.tablesinglecells+xml;xml;
application/vnd.openxmlformats-officedocument.spreadsheetml.template;xltx;base64
application/vnd.openxmlformats-officedocument.spreadsheetml.template.main+xml;xml;
application/vnd.openxmlformats-officedocument.spreadsheetml.usernames+xml;xml;
application/vnd.openxmlformats-officedocument.spreadsheetml.volatiledependencies+xml;xml;
application/vnd.openxmlformats-officedocument.spreadsheetml.worksheet+xml;xml;
application/vnd.openxmlformats-officedocument.theme+xml;xml;
application/vnd.openxmlformats-officedocument.themeoverride+xml;xml;
application/vnd.openxmlformats-officedocument.vmldrawing;;
application/vnd.openxmlformats-officedocument.wordprocessingml.comments+xml;xml;
application/vnd.openxmlformats-officedocument.wordprocessingml.document;docx;base64
application/vnd.openxmlformats-officedocument.wordprocessingml.document.glossary+xml;xml;
application/vnd.openxmlformats-officedocument.wordprocessingml.document.main+xml;xml;
application/vnd.openxmlformats-officedocument.wordprocessingml.endnotes+xml;xml;
application/vnd.openxmlformats-officedocument.wordprocessingml.fonttable+xml;xml;
application/vnd.openxmlformats-officedocument.wordprocessingml.footer+xml;xml;
application/vnd.openxmlformats-officedocument.wordprocessingml.footnotes+xml;xml;
application/vnd.openxmlformats-officedocument.wordprocessingml.numbering+xml;xml;
application/vnd.openxmlformats-officedocument.wordprocessingml.settings+xml;xml;
application/vnd.openxmlformats-officedocument.wordprocessingml.styles+xml;xml;
application/vnd.openxmlformats-officedocument.wordprocessingml.template;dotx;base64
application/vnd.openxmlformats-officedocument.wordprocessingml.template.main+xml;xml;
application/vnd.openxmlformats-officedocument.wordprocessingml.websettings+xml;xml;
application/vnd.openxmlformats-package.core-properties+xml;xml;
application/vnd.openxmlformats-package.digital-signature-xmlsignature+xml;xml;
application/vnd.openxmlformats-package.relationships+xml;xml;
application/vnd.oracle.resource+json;json;
application/vnd.orange.indata;;
application/vnd.osa.netdeploy;;
application/vnd.osgeo.mapguide.package;mgp;
application/vnd.osgi.bundle;jar;
application/vnd.osgi.dp;dp;
application/vnd.osgi.subsystem;esa;
application/vnd.otps.ct-kip+xml;;
application/vnd.oxli.countgraph;oxlicg;
application/vnd.pagerduty+json;;
application/vnd.palm;prc,pdb,pqa,oprc;
application/vnd.panoply;plp;
application/vnd.paos.xml;;
application/vnd.patentdive;dive;
application/vnd.patientecommsdoc;;
application/vnd.pawaafile;paw;
application/vnd.pcos;;
application/vnd.pg.format;str;
application/vnd.pg.osasli;ei6;
application/vnd.piaccess.application-licence;pil;
application/vnd.picsel;eFIF;
application/vnd.pmi.widget;wg;
application/vnd.poc.group-advertisement+xml;;
application/vnd.pocketlearn;plf;
application/vnd.powerbuilder6;pbd;
application/vnd.powerbuilder6-s;pbd;
application/vnd.powerbuilder7;pbd;
application/vnd.powerbuilder7-s;pbd;
application/vnd.powerbuilder75;pbd;
application/vnd.powerbuilder75-s;pbd;
application/vnd.preminet;preminet;
application/vnd.previewsystems.box;BOX,VBOX;
application/vnd.proteus.magazine;mgz;
application/vnd.psfs;psfs;
application/vnd.publishare-delta-tree;qps;
application/vnd.pvi.ptid1;pti,ptid;
application/vnd.pwg-multiplexed;;
application/vnd.pwg-xhtml-print+xml;xhtml,xhtm;
application/vnd.pwg-xmhtml-print+xml;;
application/vnd.qualcomm.brew-app-res;bar;
application/vnd.quarantainenet;;
application/vnd.quark.quarkxpress;qxd,qxt,qwd,qwt,qxl,qxb;8bit
application/vnd.quobject-quoxdocument;quox,quiz;
application/vnd.radisys.moml+xml;;
application/vnd.radisys.msml+xml;;
application/vnd.radisys.msml-audit+xml;;
application/vnd.radisys.msml-audit-conf+xml;;
application/vnd.radisys.msml-audit-conn+xml;;
application/vnd.radisys.msml-audit-dialog+xml;;
application/vnd.radisys.msml-audit-stream+xml;;
application/vnd.radisys.msml-conf+xml;;
application/vnd.radisys.msml-dialog+xml;;
application/vnd.radisys.msml-dialog-base+xml;;
application/vnd.radisys.msml-dialog-fax-detect+xml;;
application/vnd.radisys.msml-dialog-fax-sendrecv+xml;;
application/vnd.radisys.msml-dialog-group+xml;;
application/vnd.radisys.msml-dialog-speech+xml;;
application/vnd.radisys.msml-dialog-transform+xml;;
application/vnd.rainstor.data;tree;
application/vnd.rapid;;
application/vnd.rar;rar;
application/vnd.realvnc.bed;BED;
application/vnd.recordare.musicxml;mxl;
application/vnd.recordare.musicxml+xml;xml,musicxml;
application/vnd.renlearn.rlprint;;
application/vnd.restful+json;json;
application/vnd.rig.cryptonote;cryptonote;
application/vnd.rim.cod;cod;
application/vnd.rn-realmedia;rm,rmj,rmm,rms,rmx,rmvb;
application/vnd.rn-realmedia-vbr;rmvb;
application/vnd.rn-realplayer;rnx;
application/vnd.route66.link66+xml;link66;
application/vnd.rs-274x;gbr;
application/vnd.ruckus.download;;
application/vnd.s3sms;;
application/vnd.sailingtracker.track;st;
application/vnd.sar;SAR;
application/vnd.sbm.cid;;
application/vnd.sbm.mid2;;
application/vnd.scribus;scd,gz,sla,slaz;
application/vnd.sealed.3df;s3df;
application/vnd.sealed.csf;scsf;
application/vnd.sealed.doc;sdoc,sdo,s1w;
application/vnd.sealed.eml;seml,sem;
application/vnd.sealed.mht;smht,smh;
application/vnd.sealed.net;;
application/vnd.sealed.ppt;sppt,spp,s1p;
application/vnd.sealed.tiff;stif;
application/vnd.sealed.xls;sxls,sxl,s1e;
application/vnd.sealedmedia.softseal.html;stml,stm,s1h;
application/vnd.sealedmedia.softseal.pdf;spdf,spd,s1a;
application/vnd.seemail;see;
application/vnd.seis+json;json;
application/vnd.sema;sema;
application/vnd.semd;semd;
application/vnd.semf;semf;
application/vnd.shade-save-file;ssv;
application/vnd.shana.informed.formdata;ifm;
application/vnd.shana.informed.formtemplate;itp;
application/vnd.shana.informed.interchange;iif;
application/vnd.shana.informed.package;ipk;
application/vnd.shootproof+json;json;
application/vnd.shopkick+json;;
application/vnd.shp;shp;
application/vnd.shx;shx;
application/vnd.sigrok.session;sr;
application/vnd.simtech-mindmapper;twd,twds;
application/vnd.siren+json;json;
application/vnd.smaf;mmf;
application/vnd.smart.notebook;notebook;
application/vnd.smart.teacher;teacher;
application/vnd.snesdev-page-table;ptrom,pt;
application/vnd.software602.filler.form+xml;FO;
application/vnd.software602.filler.form-xml-zip;ZFO;
application/vnd.solent.sdkm+xml;sdkm,sdkd;
application/vnd.spotfire.dxp;dxp;
application/vnd.spotfire.sfs;sfs;
application/vnd.sqlite3;;
application/vnd.sss-cod;;
application/vnd.sss-dtf;;
application/vnd.sss-ntf;disclosed;
application/vnd.stardivision.calc;sdc;
application/vnd.stardivision.chart;sds;
application/vnd.stardivision.draw;sda;
application/vnd.stardivision.impress;sdd,sdp;
application/vnd.stardivision.mail;smd;
application/vnd.stardivision.math;sdf,smf;
application/vnd.stardivision.writer;sdw,vor,sgl;
application/vnd.stardivision.writer-global;sgl;
application/vnd.stepmania.package;smzip;
application/vnd.stepmania.stepchart;sm;
application/vnd.street-stream;;
application/vnd.sun.wadl+xml;wadl;
application/vnd.sun.xml.calc;sxc;
application/vnd.sun.xml.calc.template;stc;
application/vnd.sun.xml.draw;sxd;
application/vnd.sun.xml.draw.template;std;
application/vnd.sun.xml.impress;sxi;
application/vnd.sun.xml.impress.template;sti;
application/vnd.sun.xml.math;sxm;
application/vnd.sun.xml.writer;sxw;
application/vnd.sun.xml.writer.global;sxg;
application/vnd.sun.xml.writer.template;stw;
application/vnd.sus-calendar;sus,susp;
application/vnd.svd;svd;
application/vnd.swiftview-ics;;
application/vnd.sycle+xml;scl;
application/vnd.symbian.install;sis,sisx;
application/vnd.syncml+xml;XSM;
application/vnd.syncml.dm+wbxml;BDM;
application/vnd.syncml.dm+xml;XDM;
application/vnd.syncml.dm.notification;;
application/vnd.syncml.dmddf+wbxml;ddf;
application/vnd.syncml.dmddf+xml;ddf;
application/vnd.syncml.dmtnds+wbxml;;
application/vnd.syncml.dmtnds+xml;;
application/vnd.syncml.ds.notification;;
application/vnd.tableschema+json;json;
application/vnd.tao.intent-module-archive;tao;
application/vnd.tcpdump.pcap;pcap,cap,dmp;
application/vnd.theqvd;qvd;
application/vnd.think-cell.ppttc+json;ppttc;
application/vnd.tmd.mediaflex.api+xml;xml;
application/vnd.tml;vfr,viaframe;
application/vnd.tmobile-livetv;tmo;
application/vnd.tri.onesource;;
application/vnd.trid.tpt;tpt;
application/vnd.triscape.mxs;mxs;
application/vnd.trueapp;tra;
application/vnd.truedoc;;
application/vnd.tve-trigger;;
application/vnd.ubisoft.webplayer;CAB;
application/vnd.ufdl;ufdl,ufd,frm;
application/vnd.uiq.theme;UTZ;
application/vnd.umajin;umj;
application/vnd.unity;unityweb;
application/vnd.uoml+xml;uoml,uo;
application/vnd.uplanet.alert;;
application/vnd.uplanet.alert-wbxml;;
application/vnd.uplanet.bearer-choice;;
application/vnd.uplanet.bearer-choice-wbxml;;
application/vnd.uplanet.cacheop;;
application/vnd.uplanet.cacheop-wbxml;;
application/vnd.uplanet.channel;;
application/vnd.uplanet.channel-wbxml;;
application/vnd.uplanet.list;;
application/vnd.uplanet.list-wbxml;;
application/vnd.uplanet.listcmd;;
application/vnd.uplanet.listcmd-wbxml;;
application/vnd.uplanet.signal;;
application/vnd.uri-map;urim,urimap;
application/vnd.valve.source.material;vmt;
application/vnd.vcx;vcx;
application/vnd.vd-study;sxi,mxi,study-inter,model-inter;
application/vnd.vectorworks;MCD,VWX;
application/vnd.vel+json;json;
application/vnd.verimatrix.vcas;;
application/vnd.veryant.thin;istc,isws;
application/vnd.ves.encrypted;VES;
application/vnd.vidsoft.vidconference;vsc;8bit
application/vnd.visio;vsd,vst,vsw,vss;
application/vnd.visionary;vis;
application/vnd.vividence.scriptfile;vsc;
application/vnd.vsf;vsf;
application/vnd.wap.sic;sic,wbxml;
application/vnd.wap.slc;slc,wbxml;
application/vnd.wap.wbxml;wbxml;
application/vnd.wap.wmlc;wmlc,wbxml;
application/vnd.wap.wmlscriptc;wmlsc;
application/vnd.webturbo;wtb;
application/vnd.wfa.dpp;;
application/vnd.wfa.p2p;P2P;
application/vnd.wfa.wsc;WSC;
application/vnd.windows.devicepairing;;
application/vnd.wmc;wmc;
application/vnd.wmf.bootstrap;;
application/vnd.wolfram.mathematica;nb;
application/vnd.wolfram.mathematica.package;m;
application/vnd.wolfram.player;nbp;
application/vnd.wordperfect;wpd,wp,wp4,wp5,wp6,wpp;
application/vnd.wordperfect5.1;wp5;
application/vnd.wqd;wqd;
application/vnd.wrq-hp3000-labelled;;
application/vnd.wt.stf;stf;
application/vnd.wv.csp+wbxml;wv;
application/vnd.wv.csp+xml;;8bit
application/vnd.wv.ssp+xml;;8bit
application/vnd.xacml+json;json;
application/vnd.xara;XAR,web;
application/vnd.xfdl;xfdl,xfd,frm;
application/vnd.xfdl.webform;;
application/vnd.xmi+xml;;
application/vnd.xmpie.cpkg;cpkg;
application/vnd.xmpie.dpkg;dpkg;
application/vnd.xmpie.plan;dpkg;
application/vnd.xmpie.ppkg;ppkg;
application/vnd.xmpie.xlim;xlim;
application/vnd.yamaha.hv-dic;hvd;
application/vnd.yamaha.hv-script;hvs;
application/vnd.yamaha.hv-voice;hvp;
application/vnd.yamaha.openscoreformat;osf;
application/vnd.yamaha.openscoreformat.osfpvg+xml;xml,osfpvg;
application/vnd.yamaha.remote-setup;;
application/vnd.yamaha.smaf-audio;saf;
application/vnd.yamaha.smaf-phrase;spf;
application/vnd.yamaha.through-ngn;;
application/vnd.yamaha.tunnel-udpencap;;
application/vnd.yaoweme;yme;
application/vnd.yellowriver-custom-menu;cmp;
application/vnd.youtube.yt;yt;
application/vnd.zul;zir,zirz;
application/vnd.zzazz.deck+xml;zaz;
application/voicexml+xml;vxml;
application/voucher-cms+json;vcj;
application/vq-rtcpxr;;
application/watcherinfo+xml;wif,xml;
application/webpush-options+json;json;
application/whoispp-query;;
application/whoispp-response;;
application/widget;wgt;
application/wita;;
application/wordperfect5.1;wp5,wp;
application/wsdl+xml;wsdl;
application/wspolicy+xml;wspolicy;
application/x-123;wk,wk1;
application/x-7z-compressed;7z;
application/x-abiword;abw,zabw;
application/x-acad;dwg;
application/x-access;;
application/x-ace;ace;
application/x-ace-compressed;ace;
application/x-aim;aim;
application/x-alz;alz;
application/x-amf;;
application/x-amipro;sam;
application/x-annodex;anx;
application/x-aportisdoc;pdb,pdc;
application/x-apple-diskimage;dmg;
application/x-appledouble;;base64
application/x-applix-spreadsheet;as;
application/x-applix-word;aw;
application/x-applixware;aw;
application/x-arc;;
application/x-archive;a,ar;
application/x-arj;arj;
application/x-asp;asp;
application/x-atomserv+xml;atomsrv;
application/x-authorware-bin;aab,x32,u32,vox;
application/x-authorware-map;aam;
application/x-authorware-seg;aas;
application/x-awk;awk;
application/x-base64;mm,mme;
application/x-bbolin;lin;
application/x-bcpio;bcpio;
application/x-binary;bin;
application/x-binhex;hqx;
application/x-binhex4;hqx;
application/x-binhex40;hqx;
application/x-bittorrent;torrent;
application/x-bleeper;bleep;base64
application/x-blender;blender,blend;
application/x-blorb;blb,blorb;
application/x-book;boo,book;
application/x-bsh;bsh,sh,shar;
application/x-bytecode.elisp;elc;
application/x-bytecode.python;pyc;
application/x-bzdvi;;
application/x-bzip;bz,bz2;
application/x-bzip-compressed-tar;tbz2,tbz,tb2;
application/x-bzip2;bz2,boz;
application/x-bzpdf;;
application/x-bzpostscript;;
application/x-cab;cab;
application/x-cap;cap,pcap;
application/x-cb7;cb7;
application/x-cbr;cbr,cba,cbt,cbz,cb7;
application/x-cbt;cbt;
application/x-cbz;cbz;
application/x-ccmx;ccmx;
application/x-cd-image;iso,iso9660;
application/x-cdf;cdf,cda;
application/x-cdlink;vcd;
application/x-cdrdao-toc;toc;
application/x-cfs-compressed;cfs;
application/x-chat;chat,cha;
application/x-chess-pgn;pgn;
application/x-chrome-extension;crx;
application/x-cisco-vpn-settings;pcf;
application/x-clariscad;ccad;
application/x-class-file;;
application/x-cmu-raster;ras;
application/x-cocoa;cco;
application/x-compactpro;cpt;
application/x-compress;z;base64
application/x-compressed;gz,tgz,z,zip;
application/x-compressed-tar;tgz;
application/x-conference;nsc;
application/x-core;;
application/x-cpio;cpio;base64
application/x-cpio-compressed;;
application/x-cpt;cpt;
application/x-csh;csh;8bit
application/x-cu-seeme;cu,csm;
application/x-cue;cue;
application/x-dar;dar;
application/x-dbf;dbf;
application/x-dc-rom;dc;
application/x-debian-package;deb,udeb;
application/x-deepv;deepv;
application/x-designer;ui;
application/x-desktop;desktop,kdelnk;
application/x-dgc-compressed;dgc;
application/x-dia-diagram;dia;
application/x-dia-shape;shape;
application/x-director;dcr,dir,dxr,cst,cct,cxt,w3d,fgd,swa;
application/x-dms;dms;
application/x-docbook+xml;dbk,docbook;
application/x-doom;wad;
application/x-drafting;drw;
application/x-dsptype;tsp;
application/x-dtbncx+xml;ncx;
application/x-dtbook+xml;dtb;
application/x-dtbresource+xml;res;
application/x-dvi;dvi;base64
application/x-dxf;dxf;
application/x-e-theme;etheme;
application/x-egon;egon;
application/x-elc;elc;
application/x-envoy;evy,env;
application/x-esrehber;es;
application/x-eva;eva;
application/x-excel;xl,xla,xlb,xlc,xld,xlk,xll,xlm,xls,xlt,xlv,xlw;
application/x-executable;;
application/x-fictionbook+xml;fb2;
application/x-fluid;fl;
application/x-font;pfa,pfb,gsf,pcf,pcf.z;
application/x-font-afm;afm;
application/x-font-bdf;bdf;
application/x-font-dos;;
application/x-font-framemaker;;
application/x-font-ghostscript;gsf;
application/x-font-libgrx;;
application/x-font-linux-psf;psf;
application/x-font-otf;otf;
application/x-font-pcf;pcf;
application/x-font-snf;snf;
application/x-font-speedo;spd;
application/x-font-sunos-news;;
application/x-font-tex;;
application/x-font-tex-tfm;;
application/x-font-ttf;ttc,ttf;
application/x-font-ttx;ttx;
application/x-font-type1;pfa,pfb,pfm,afm,gsf;
application/x-font-vfont;;
application/x-fractals;fif;
application/x-frame;mif;
application/x-freearc;arc;
application/x-freelance;pre;
application/x-freeloader;frl;
application/x-freemind;mm;
application/x-futuresplash;spl;
application/x-gameboy-rom;gb,gbc,cgb,sgb;
application/x-gamecube-rom;iso;
application/x-gba-rom;gba,agb;
application/x-gca-compressed;gca;
application/x-gdbm;;
application/x-gedcom;ged,gedcom;
application/x-genesis-rom;gen,smd,32x,mdx;
application/x-gettext-translation;gmo,mo;
application/x-ghostview;;
application/x-glade;glade;
application/x-glulx;ulx;
application/x-gnucash;gnucash,gnc,xac;
application/x-gnumeric;gnumeric;
application/x-gnunet-directory;gnd;
application/x-gnuplot;gp,gplt,gnuplot;
application/x-gnutar;tgz;
application/x-go-sgf;sgf;
application/x-gpx+xml;gpx;
application/x-gramps-xml;gramps;
application/x-graphing-calculator;gcf;
application/x-graphite;gra;
application/x-groupwise;vew;
application/x-gsp;gsp;
application/x-gss;gss;
application/x-gtar;gtar,tgz,tbz2,tbz,taz;base64
application/x-gtk-builder;ui;
application/x-gtktalog;;
application/x-gunzip;;
application/x-gxf;gxf;
application/x-gz-font-linux-psf;;
application/x-gzdvi;;
application/x-gzip;gz,gzip,tgz;base64
application/x-gzpdf;;
application/x-gzpostscript;;
application/x-hdf;hdf,hdf4,h4,hdf5,h5;
application/x-helpfile;help,hlp;
application/x-hep;hep;
application/x-hlp;hlp;
application/x-hta;hta;
application/x-html+ruby;rhtml;8bit
application/x-httpd-eruby;rhtml;
application/x-httpd-imap;imap;
application/x-httpd-php;phtml,pht,php;8bit
application/x-httpd-php-source;phps;
application/x-httpd-php3;php3;
application/x-httpd-php3-preprocessed;php3p;
application/x-httpd-php4;php4;
application/x-httpd-php5;php5;
application/x-hwp;hwp;
application/x-hwt;hwt;
application/x-i-deas;unv;
application/x-ica;ica;
application/x-ideas;;
application/x-iff;;
application/x-illustrator;ai;
application/x-ima;ima;
application/x-imagemap;imagemap,imap;8bit
application/x-inf;inf;
application/x-info;info;
application/x-install-instructions;install;
application/x-internet-signup;ins,isp;
application/x-internett-signup;ins;
application/x-inventor;iv;
application/x-ip2;ip;
application/x-iphone;iii;
application/x-ipod-firmware;;
application/x-iso9660-image;iso;
application/x-it87;it87;
application/x-iwork-keynote-sffkey;key;
application/x-jam;jam;
application/x-java;class;
application/x-java-applet;;
application/x-java-archive;jar;
application/x-java-bean;;
application/x-java-byte-code;class;
application/x-java-class;class;
application/x-java-commerce;jcm;
application/x-java-jce-keystore;jceks;
application/x-java-jnlp-file;jnlp;
application/x-java-keystore;jks,ks;
application/x-java-pack200;pack;
application/x-java-serialized-object;ser;
application/x-java-vm;class;
application/x-javascript;js;
application/x-jbuilder-project;jpr,jpx;
application/x-jmol;jmz;
application/x-jsonml+json;jsonml;
application/x-karbon;karbon;
application/x-kchart;chrt;
application/x-kdelnk;;
application/x-kexi-connectiondata;kexic;
application/x-kexiproject-shortcut;kexis;
application/x-kexiproject-sqlite2;kexi;
application/x-kexiproject-sqlite3;kexi;
application/x-kformula;kfo;
application/x-killustrator;kil;
application/x-kivio;flw;
application/x-koan;skp,skd,skt,skm;
application/x-kontour;kon;
application/x-kpovmodeler;kpm;
application/x-kpresenter;kpr,kpt;
application/x-krita;kra;
application/x-ksh;ksh;
application/x-kspread;ksp;
application/x-kspread-crypt;;
application/x-ksysv-package;;
application/x-kugar;kud;
application/x-kword;kwd,kwt;
application/x-kword-crypt;;
application/x-latex;latex,ltx;8bit
application/x-lha;lha,lzh;
application/x-lhz;lhz;
application/x-lisp;lsp;
application/x-livescreen;ivy;
application/x-lotus;wq1;
application/x-lotus-123;;
application/x-lotusscreencam;scm;
application/x-lrzip;lrz;
application/x-lrzip-compressed-tar;tlrz;
application/x-lua-bytecode;luac;
application/x-lyx;lyx;
application/x-lz4;lz4;
application/x-lzh;lzh;
application/x-lzh-compressed;lzh,lha;
application/x-lzip;lz;
application/x-lzma;lzma;
application/x-lzma-compressed-tar;tlz;
application/x-lzop;lzo;
application/x-lzx;lzx;
application/x-m3g;m3g;
application/x-m4;m4;
application/x-mac-binary;bin;
application/x-mac-binhex;hqx;
application/x-mac-binhex40;hqx;
application/x-mac-compactpro;cpt;
application/x-macbinary;bin;
application/x-magic-cap-package-1.0;mc$;
application/x-magicpoint;mgp;
application/x-maker;frm,maker,frame,fm,fb,book,fbdoc;
application/x-markaby;mab;
application/x-mathcad;#,mcd;mcd,
application/x-matroska;;
application/x-mbedlet;mbd;
application/x-mcad;mcd;
application/x-meme;mm;
application/x-metalink+xml;metalink;
application/x-midi;mid,midi;
application/x-mie;mie;
application/x-mif;mif;
application/x-mime;aps;
application/x-mimearchive;mhtml,mht;
application/x-mix-transfer;nix;
application/x-mobipocket-ebook;prc,mobi;
application/x-mozilla-bookmarks;;
application/x-mplayer2;asx;
application/x-ms-application;application;
application/x-ms-dos-executable;exe;
application/x-ms-shortcut;lnk;
application/x-ms-tnef;;
application/x-ms-wim;wim,swm;
application/x-ms-wmd;wmd;
application/x-ms-wmz;wmz;
application/x-ms-xbap;xbap;
application/x-msaccess;mdb,mda,mde,mdf;base64
application/x-msbinder;obd;
application/x-mscardfile;crd;
application/x-msclip;clp;
application/x-msdos-program;com,exe,bat,dll;base64
application/x-msdownload;exe,dll,com,bat,msi;base64
application/x-msexcel;xla,xls,xlw;
application/x-msi;msi;
application/x-msmediaview;mvb,m13,m14;
application/x-msmetafile;wmf,wmz,emf,emz;
application/x-msmoney;mny;
application/x-mspowerpoint;pot,pps,ppt,ppz;
application/x-mspublisher;pub;
application/x-msschedule;scd;
application/x-msterminal;trm;
application/x-mswinurl;url;
application/x-msword;doc,dot,wrd;base64
application/x-msword-template;dot;
application/x-mswrite;wri;
application/x-msx-rom;msx;
application/x-n64-rom;n64,z64,v64;
application/x-nautilus-link;;
application/x-navi-animation;ani;
application/x-navidoc;nvd;
application/x-navimap;map;
application/x-navistyle;stl;
application/x-nes-rom;nes,nez,unf,unif;
application/x-netcdf;nc,cdf;
application/x-netmc;mcp;
application/x-netshow-channel;nsc;
application/x-news-message-id;;
application/x-newton-compatible-pkg;pkg;
application/x-nintendo-ds-rom;nds;
application/x-nokia-9000-communicator-add-on-software;aos;
application/x-ns-proxy-autoconfig;pac,dat;
application/x-nwc;nwc;
application/x-nzb;nzb;
application/x-object;o;
application/x-ole-storage;;
application/x-oleo;oleo;
application/x-omc;omc;
application/x-omcdatamaker;omcd;
application/x-omcregerator;omcr;
application/x-omdoc+xml;omdoc;
application/x-onenote;onetoc,onetoc2,onetmp,onepkg;
application/x-owl+xml;owx;
application/x-oz-application;oza;
application/x-pagemaker;pm5,pt5,pm,pm4,p65,pm6,pmd;
application/x-pak;pak;
application/x-par2;PAR2;
application/x-partial-download;wkdownload,crdownload,part;
application/x-pc-engine-rom;pce;
application/x-pcl;pcl;
application/x-pef-executable;;
application/x-perl;pl,pm,al,perl,pod,t;8bit
application/x-pgp;pgp;
application/x-php;php,php3,php4,php5,phps;
application/x-pics-rules;prf;
application/x-pixclscript;plx;
application/x-pkcs-12;p12;
application/x-pkcs-crl;crl;
application/x-pkcs10;p10;
application/x-pkcs12;p12,pfx;
application/x-pkcs7-certificates;p7b,spc;
application/x-pkcs7-certreqresp;p7r;
application/x-pkcs7-crl;crl;
application/x-pkcs7-mime;p7c,p7m;
application/x-pkcs7-signature;p7a;
application/x-pki-message;;
application/x-plain;text;
application/x-planperfect;pln;
application/x-pocket-word;psw;
application/x-pointplus;css;
application/x-portable-anymap;pnm;
application/x-powerpoint;ppt;
application/x-pro_eng;part,prt;
application/x-profile;;
application/x-project;mpc,mpt,mpv,mpx;
application/x-pw;pw;
application/x-python;py;8bit
application/x-python-bytecode;pyc,pyo;
application/x-python-code;pyc,pyo;
application/x-qgis;qgs,shp,shx;
application/x-qpress;qp;
application/x-qpro;wb1;
application/x-qtiplot;qti;
application/x-quattropro;wb1,wb2,wb3;
application/x-quicktime-media-link;qtl;
application/x-quicktimeplayer;qtl;
application/x-qw;qif;
application/x-ram;ram;
application/x-rar;rar;
application/x-rar-compressed;rar;base64
application/x-raw-disk-image;raw-disk-image,img;
application/x-raw-disk-image-xz-compressed;;
application/x-redhat-package-manager;rpm;
application/x-remote_printing;;
application/x-research-info-systems;ris;
application/x-riff;;
application/x-ringing-tones;rng;
application/x-rpm;rpm;
application/x-rsd+xml;rsd;
application/x-rss+xml;rss;
application/x-rtf;rtf;
application/x-ruby;rb,rbw;8bit
application/x-rx;;
application/x-sami;smi,sami;
application/x-sc;;
application/x-sdp;sdp;
application/x-sea;sea;
application/x-seelogo;sl;
application/x-set;set;
application/x-sh;sh;8bit
application/x-shar;shar,sh;8bit
application/x-shared-library-la;la;
application/x-sharedlib;so;
application/x-shellscript;sh;
application/x-shockwave-flash;swf,swfl;
application/x-shorten;shn;
application/x-siag;siag;
application/x-silverlight;scr;
application/x-silverlight-app;xap;
application/x-sit;sit;
application/x-sla;stl;
application/x-slp;;
application/x-smaf;mmf,smaf;
application/x-sms-rom;sms,gg,sg;
application/x-solids;sol;
application/x-sounder;sdr;
application/x-source-rpm;spm;
application/x-sprite;spr,sprite;
application/x-spss;sav,sbs,sps,spo,spp;
application/x-spss-por;por;
application/x-spss-sav;sav,zsav;
application/x-sql;sql;
application/x-sqlite2;;
application/x-sqlite3;;
application/x-ssdl+xml;ssdl;
application/x-step;step,stp;
application/x-streamingmedia;ssm;
application/x-stuffit;sit,sitx;base64
application/x-stuffitx;sitx;
application/x-subrip;srt;
application/x-sv4cpio;sv4cpio;base64
application/x-sv4crc;sv4crc;base64
application/x-t3vm-image;t3;
application/x-t602;602;
application/x-tads;gam;
application/x-tar;tar,gtar,gem;base64
application/x-tarz;taz;
application/x-tbook;sbk,tbk;
application/x-tcl;tcl;8bit
application/x-tex;tex;8bit
application/x-tex-gf;gf;
application/x-tex-pk;pk;
application/x-tex-tfm;tfm;
application/x-texinfo;texinfo,texi;8bit
application/x-tgif;obj;
application/x-theme;theme;
application/x-toolbook;tbk;
application/x-toutdoux;;
application/x-trash;~,%,bak,old,sik;
application/x-trig;trig;
application/x-troff;t,tr,roff;8bit
application/x-troff-man;man;8bit
application/x-troff-man-compressed;;
application/x-troff-me;me;
application/x-troff-ms;ms;
application/x-troff-msvideo;avi;
application/x-tzo;tzo;
application/x-ufraw;ufraw;
application/x-ustar;ustar;base64
application/x-vda;vda;
application/x-videolan;;
application/x-visio;vsd,vst,vsw;
application/x-vmsbackup;bck;base64
application/x-vnd.audioexplosion.mzz;mzz;
application/x-vnd.ls-xpix;xpix;
application/x-vocaltec-media-desc;vmd;
application/x-vocaltec-media-file;vmf;
application/x-vrml;vrml;
application/x-wais-source;src,wsrc;
application/x-web-app-manifest+json;webapp;
application/x-wii-rom;iso;
application/x-windows-themepack;themepack;
application/x-wingz;wz;
application/x-winhelp;hlp;
application/x-winhlp;hlp;
application/x-wintalk;wtk;
application/x-word;;base64
application/x-wordperfect;wp,wp5,wp6,wpd;
application/x-wordperfect6.0;w60,wp5;
application/x-wordperfect6.1;wp6,w61;
application/x-world;svr,wrl;
application/x-wpg;wpg;
application/x-wpwin;wpd;
application/x-wri;wri;
application/x-wwf;wwf;
application/x-www-form-urlencoded;;
application/x-x400-bp;;
application/x-x509-ca-cert;crt,der,cer,cert,pem;base64
application/x-x509-ca-ra-cert;;
application/x-x509-next-ca-cert;;
application/x-x509-user-cert;crt;
application/x-xaml+xml;xaml;
application/x-xbel;xbel;
application/x-xcf;xcf;
application/x-xfig;fig;
application/x-xliff;xlf,xliff;
application/x-xliff+xml;xlf;
application/x-xpinstall;xpi;
application/x-xproc+xml;xpl;
application/x-xspf+xml;xspf;
application/x-xz;xz;
application/x-xz-compressed-tar;txz;
application/x-xzpdf;;
application/x-yaml;yaml,yml;
application/x-zerosize;;
application/x-zip-compressed;zip;
application/x-zip-compressed-fb2;;
application/x-zmachine;z1,z2,z3,z4,z5,z6,z7,z8;
application/x-zoo;zoo;
application/x400-bp;;
application/xacml+xml;;
application/xcap-att+xml;xav;
application/xcap-caps+xml;xca;
application/xcap-diff+xml;xdf;
application/xcap-el+xml;xel;
application/xcap-error+xml;xer;
application/xcap-ns+xml;xns;
application/xcon-conference-info+xml;xml;
application/xcon-conference-info-diff+xml;xml;
application/xenc+xml;xml,xenc;
application/xhtml+xml;xhtml,xht;8bit
application/xhtml-voice+xml;mxml,xhvml,xvml,xvm;
application/xliff+xml;xlf;
application/xml;xml,xsl,xsd,xpdl,xbl,rng;8bit
application/xml-dtd;dtd,mod;8bit
application/xml-external-parsed-entity;xml,ent;
application/xml-patch+xml;xml;
application/xmpp+xml;;
application/xop+xml;XOP;
application/xslt+xml;xslt,xsl;8bit
application/xv+xml;mxml,xhvml,xvml,xvm;
application/yang;yang;
application/yang-data+json;;
application/yang-data+xml;;
application/yang-patch+json;;
application/yang-patch+xml;;
application/yin+xml;yin;
application/zip;zip;base64
application/zlib;zz;
application/zstd;zst;
audio/1d-interleaved-parityfec;;
audio/32kadpcm;726;
audio/3gpp;3gp,3gpp;
audio/3gpp2;;
audio/aac;adts,aac,loas,ass;
audio/ac3;ac3;
audio/amr;amr;base64
audio/amr-wb;awb;base64
audio/amr-wb+;;
audio/aptx;;
audio/asc;;
audio/atrac-advanced-lossless;aal,aa3,omg;
audio/atrac-x;atx,aa3,omg;
audio/atrac3;at3,aa3,omg;
audio/basic;au,snd;base64
audio/bv16;;
audio/bv32;;
audio/clearmode;;
audio/cn;;
audio/dat12;;
audio/dls;dls;
audio/dsr-es201108;;
audio/dsr-es202050;;
audio/dsr-es202211;;
audio/dsr-es202212;;
audio/dv;;
audio/dvi4;;
audio/eac3;;
audio/encaprtp;;
audio/evrc;evc;
audio/evrc-qcp;qcp;
audio/evrc0;;
audio/evrc1;;
audio/evrcb;evb;
audio/evrcb0;;
audio/evrcb1;;
audio/evrcnw;enw;
audio/evrcnw0;;
audio/evrcnw1;;
audio/evrcwb;evw;
audio/evrcwb0;;
audio/evrcwb1;;
audio/evs;3gp,3gpp;
audio/example;;
audio/flexfec;;
audio/fwdred;;
audio/g711-0;;
audio/g719;;
audio/g722;;
audio/g7221;;
audio/g723;;
audio/g726-16;;
audio/g726-24;;
audio/g726-32;;
audio/g726-40;;
audio/g728;;
audio/g729;;
audio/g7291;;
audio/g729d;;
audio/g729e;;
audio/gsm;;
audio/gsm-efr;;
audio/gsm-hr-08;;
audio/ilbc;lbc;
audio/ip-mr_v2.5;;
audio/l16;WAV,L16;
audio/l20;;
audio/l24;;
audio/l8;;
audio/lpc;;
audio/melp;;
audio/melp1200;;
audio/melp2400;;
audio/melp600;;
audio/mhas;mhas;
audio/mobile-xmf;mxmf;
audio/mp4;mp4,mpg4,f4a,f4b,m4a,mp4a;
audio/mp4a-latm;;
audio/mpa;;
audio/mpa-robust;;
audio/mpeg;mp1,mp2,mp3,mpga,mpega,m4a,mp2a,m2a,m3a,mpa,mpg;base64
audio/mpeg4-generic;;
audio/ogg;oga,ogg,spx,opus;
audio/opus;;
audio/parityfec;;
audio/pcma;;
audio/pcma-wb;;
audio/pcmu;;
audio/pcmu-wb;;
audio/prs.sid;sid,psid;
audio/qcelp;qcp;
audio/raptorfec;;
audio/red;;
audio/rtp-enc-aescm128;;
audio/rtp-midi;;
audio/rtploopback;;
audio/rtx;;
audio/scip;;
audio/smv;smv;
audio/smv-qcp;qcp;
audio/smv0;;
audio/sofa;sofa;
audio/sp-midi;mid;
audio/speex;;
audio/t140c;;
audio/t38;;
audio/telephone-event;;
audio/tetra_acelp;;
audio/tetra_acelp_bb;;
audio/tone;;
audio/tsvcis;;
audio/uemclip;;
audio/ulpfec;;
audio/usac;loas,xhe;
audio/vdvi;;
audio/vmr-wb;;
audio/vnd.3gpp.iufp;;
audio/vnd.4sb;;
audio/vnd.audiokoz;koz;
audio/vnd.celp;;
audio/vnd.cisco.nse;;
audio/vnd.cmles.radio-events;;
audio/vnd.cns.anp1;;
audio/vnd.cns.inf1;;
audio/vnd.dece.audio;uva,uvva;
audio/vnd.digital-winds;eol;7bit
audio/vnd.dlna.adts;;
audio/vnd.dolby.heaac.1;;
audio/vnd.dolby.heaac.2;;
audio/vnd.dolby.mlp;mlp;
audio/vnd.dolby.mps;;
audio/vnd.dolby.pl2;;
audio/vnd.dolby.pl2x;;
audio/vnd.dolby.pl2z;;
audio/vnd.dolby.pulse.1;;
audio/vnd.dra;dra;
audio/vnd.dts;wav,cpt,dts;
audio/vnd.dts.hd;dtshd;
audio/vnd.dts.uhd;mp4;
audio/vnd.dvb.file;dvb;
audio/vnd.everad.plj;plj;
audio/vnd.hns.audio;rm;
audio/vnd.lucent.voice;lvp;
audio/vnd.ms-playready.media.pya;pya;
audio/vnd.nokia.mobile-xmf;mxmf;
audio/vnd.nortel.vbk;vbk;
audio/vnd.nuera.ecelp4800;ecelp4800;
audio/vnd.nuera.ecelp7470;ecelp7470;
audio/vnd.nuera.ecelp9600;ecelp9600;
audio/vnd.octel.sbc;;
audio/vnd.presonus.multitrack;multitrack;
audio/vnd.qcelp;qcp;
audio/vnd.qcelp - deprecated in favor of audio/qcelp;;
audio/vnd.rhetorex.32kadpcm;;
audio/vnd.rip;rip;
audio/vnd.rn-realaudio;ra,rax;
audio/vnd.sealedmedia.softseal.mpeg;smp3,smp,s1m;
audio/vnd.vmx.cvsd;;
audio/vorbis;;
audio/vorbis-config;;
audio/x-aac;aac;
audio/x-adpcm;adp,snd;
audio/x-aifc;aifc,aiffc;
audio/x-aiff;aif,aifc,aiff;base64
audio/x-amzxml;amz;
audio/x-annodex;axa;
audio/x-ape;ape;
audio/x-au;au;
audio/x-caf;caf;
audio/x-flac;flac;
audio/x-flac+ogg;oga,ogg;
audio/x-g.722.1;;
audio/x-gsm;gsm,gsd;
audio/x-iriver-pla;pla;
audio/x-isac;;
audio/x-it;it;
audio/x-jam;jam;
audio/x-liveaudio;lam;
audio/x-m4b;m4b,f4b;
audio/x-make;funk,my,pfunk;
audio/x-make.my.funk;pfunk;
audio/x-matroska;mka;
audio/x-mid;mid,midi,rmi;
audio/x-midi;mid,midi,kar,rmi;base64
audio/x-minipsf;minipsf;
audio/x-mo3;mo3;
audio/x-mod;mod,ult,uni,m15,mtm,669,med;
audio/x-mp2;mp2;
audio/x-mpeg;mp2;
audio/x-mpeg-3;mp3;
audio/x-mpeg3;mp3;
audio/x-mpegurl;m3u,m3u8,vlc;
audio/x-mpequrl;m3u;
audio/x-ms-asx;asx,wax,wvx,wmx;
audio/x-ms-wax;wax;
audio/x-ms-wma;wma;
audio/x-musepack;mpc,mpp,mp+;
audio/x-nspaudio;la,lma;
audio/x-opus+ogg;opus;
audio/x-pn-realaudio;rm,ram,ra,rmm,rmp;base64
audio/x-pn-realaudio-plugin;rpm,rmp,ra;
audio/x-psf;psf;
audio/x-psflib;psflib;
audio/x-psid;sid;
audio/x-realaudio;ra;base64
audio/x-riff;;
audio/x-s3m;s3m;
audio/x-scpls;pls;
audio/x-sd2;sd2;
audio/x-silk;sil;
audio/x-speex;spx;
audio/x-speex+ogg;oga,ogg;
audio/x-stm;stm;
audio/x-tsp-audio;tsi;
audio/x-tsplayer;tsp;
audio/x-tta;tta;
audio/x-twinvq;vqf;
audio/x-twinvq-plugin;vqe,vql;
audio/x-vnd.audioexplosion.mjuicemediafile;mjf;
audio/x-voc;voc;
audio/x-vorbis+ogg;oga,ogg;
audio/x-voxware;vox;
audio/x-wav;wav;base64
audio/x-wavpack;wv,wvp;
audio/x-wavpack-correction;wvc;
audio/x-webm;weba;base64
audio/x-xi;xi;
audio/x-xm;xm;
audio/x-xmf;xmf;
font/collection;ttc;
font/otf;otf;
font/sfnt;;
font/ttf;ttf;
font/woff;woff;
font/woff2;woff2;
font/x-opentype;otf;
image/aces;exr;
image/avci;avci;
image/avcs;avcs;
image/avif;avif,heif,heifs,hif;
image/bmp;bmp,dib,bm;
image/cgm;cgm;
image/dicom-rle;drle;
image/emf;emf;
image/example;;
image/fits;fits;
image/g3fax;g3;
image/gif;gif;base64
image/heic;heic,hif;
image/heic-sequence;heics,hif;
image/heif;heif,hif;
image/heif-sequence;heifs,hif;
image/hej2k;hej2;
image/hsj2;hsj2;
image/ief;ief,iefs;base64
image/jls;jls;
image/jp2;jp2,jpg2,jpx,jpf;base64
image/jpeg;jpeg,jpg,jpe,jfif,jfif-tbnl;base64
image/jph;jph;
image/jphc;jhc;
image/jpm;jpm,jpgm;
image/jpx;jpf,jpx;
image/jxr;jxr;
image/jxra;jxra;
image/jxrs;jxrs;
image/jxs;jxs;
image/jxsc;jxsc;
image/jxsi;jxsi;
image/jxss;jxss;
image/ktx;ktx;
image/ktx2;ktx2;
image/naplps;nap,naplps;
image/png;png,x-png;base64
image/prs.btif;btif,btf;
image/prs.pti;pti;
image/pwg-raster;;
image/svg+xml;svg,svgz;8bit
image/t38;T38;
image/tiff;TIF,tiff;base64
image/tiff-fx;TFX;
image/vnd.adobe.photoshop;psd;
image/vnd.airzip.accelerator.azv;azv;
image/vnd.cns.inf2;;
image/vnd.dece.graphic;uvi,uvvi,uvg,uvvg;
image/vnd.dgn;dgn;
image/vnd.djvu;djvu,djv;
image/vnd.dvb.subtitle;sub;
image/vnd.dwg;dwg,dxf,svf;
image/vnd.dxf;dxf;
image/vnd.fastbidsheet;fbs;
image/vnd.fpx;fpx;
image/vnd.fst;fst;
image/vnd.fujixerox.edmics-mmr;mmr;
image/vnd.fujixerox.edmics-rlc;rlc;
image/vnd.globalgraphics.pgb;PGB;
image/vnd.glocalgraphics.pgb;pgb;
image/vnd.microsoft.icon;ico;
image/vnd.mix;;
image/vnd.mozilla.apng;apng,png;
image/vnd.ms-modi;mdi;
image/vnd.ms-photo;wdp;
image/vnd.net-fpx;npx,fpx;
image/vnd.pco.b16;b16;
image/vnd.radiance;pic,hdr,rgbe,xyze;
image/vnd.rn-realflash;rf;
image/vnd.rn-realpix;rp;
image/vnd.sealed.png;spng,spn,s1n;
image/vnd.sealedmedia.softseal.gif;sgif,sgi,s1g;
image/vnd.sealedmedia.softseal.jpg;sjpg,sjp,s1j;
image/vnd.svf;;
image/vnd.tencent.tap;tap;
image/vnd.valve.source.texture;vtf;
image/vnd.wap.wbmp;wbmp;
image/vnd.xiff;xif;
image/vnd.zbrush.pcx;pcx;
image/wmf;wmf;
image/x-3ds;3ds;
image/x-adobe-dng;dng;
image/x-applix-graphics;ag;
image/x-bmp;bmp;
image/x-bzeps;;
image/x-canon-cr2;cr2;
image/x-canon-crw;crw;
image/x-cmu-raster;ras,rast;
image/x-cmx;cmx;
image/x-compressed-xcf;;
image/x-coreldraw;cdr;
image/x-coreldrawpattern;pat;
image/x-coreldrawtemplate;cdt;
image/x-corelphotopaint;cpt;
image/x-dcraw;;
image/x-dds;dds;
image/x-dib;;
image/x-dpx;;
image/x-dwg;dwg,dxf,svf;
image/x-emf;emf;
image/x-emf - deprecated in favor of image/emf;;
image/x-eps;eps,epsi,epsf;
image/x-epson-erf;erf;
image/x-exr;exr;
image/x-fax-g3;g3;
image/x-fif;fif;
image/x-florian;flo,turbot;
image/x-fpx;;
image/x-freehand;fh,fhc,fh4,fh5,fh7;
image/x-fuji-raf;raf;
image/x-gzeps;;
image/x-icns;icns;
image/x-icon;ico;
image/x-ilbm;iff,ilbm,lbm;
image/x-jg;art;
image/x-jng;jng;
image/x-jps;jps;
image/x-jutvision;jut;
image/x-kodak-dcr;dcr;
image/x-kodak-k25;k25;
image/x-kodak-kdc;kdc;
image/x-lwo;lwo,lwob;
image/x-lws;lws;
image/x-macpaint;pntg;
image/x-minolta-mrw;mrw;
image/x-mrsid-image;sid;
image/x-ms-bmp;bmp;
image/x-msod;msod;
image/x-niff;nif,niff;
image/x-nikon-nef;nef;
image/x-olympus-orf;orf;
image/x-openraster;ora;
image/x-panasonic-raw;raw;
image/x-panasonic-raw2;rw2;
image/x-pcx;pcx;
image/x-pentax-pef;pef;
image/x-photo-cd;pcd;
image/x-photoshop;psd;
image/x-pict;pic,pct,pict,pict1,pict2;
image/x-pjpeg;jfif,jpe,jpeg,jpg;
image/x-portable-anymap;pnm;base64
image/x-portable-bitmap;pbm;base64
image/x-portable-graymap;pgm;base64
image/x-portable-greymap;pgm;
image/x-portable-pixmap;ppm;base64
image/x-quicktime;qif,qti,qtif;
image/x-rgb;rgb;base64
image/x-rle;rle;
image/x-sgi;sgi;
image/x-sigma-x3f;x3f;
image/x-skencil;sk,sk1;
image/x-sony-arw;arw;
image/x-sony-sr2;sr2;
image/x-sony-srf;srf;
image/x-sun-raster;sun;
image/x-svg+xml-compressed;svgz;
image/x-targa;tga;
image/x-tga;tga,icb,tpic,vda,vst;
image/x-tiff;tif,tiff;
image/x-tiff-multipage;;
image/x-vasa;mcf;
image/x-webp;webp;
image/x-win-bitmap;cur;
image/x-windows-bmp;bmp;
image/x-wmf;wmf;
image/x-wmf - deprecated in favor of image/wmf;;
image/x-xbitmap;xbm;7bit
image/x-xbm;xbm;
image/x-xcf;xcf;
image/x-xcursor;;
image/x-xfig;fig;
image/x-xpixmap;xpm,pm;8bit
image/x-xpm;xpm;
image/x-xwd;xwd;
image/x-xwindowdump;xwd;base64
message/cpim;;
message/delivery-status;;
message/disposition-notification;disposition-notification;
message/example;;
message/external-body;;8bit
message/feedback-report;;
message/global;u8msg;
message/global-delivery-status;u8dsn;
message/global-disposition-notification;u8mdn;
message/global-headers;;
message/http;;
message/imdn+xml;cl,xml;
message/news;;8bit
message/partial;;8bit
message/rfc822;eml,mime,mht,mhtml,nws;8bit
message/s-http;;
message/sip;;
message/sipfrag;;
message/tracking-status;;
message/vnd.si.simp;;
message/vnd.wfa.wsc;WSC;
message/x-gnu-rmail;;
model/3mf;3mf;
model/e57;;
model/example;;
model/gltf+json;gltf;
model/gltf-binary;glb;
model/iges;igs,iges;
model/mesh;msh,mesh,silo;
model/mtl;mtl;
model/obj;obj;
model/stl;stl;
model/vnd.collada+xml;dae;
model/vnd.dwf;dwf;
model/vnd.flatland.3dml;3dml,3dm;
model/vnd.gdl;gdl;
model/vnd.gs-gdl;gdl,gsm,win,dor,lmp,rsm,msm,ism;
model/vnd.gs.gdl;;
model/vnd.gtw;gtw;
model/vnd.moml+xml;xml,moml;
model/vnd.mts;mts;
model/vnd.opengex;ogex;
model/vnd.parasolid.transmit.binary;X_B,xmt_bin;
model/vnd.parasolid.transmit.text;X_T,xmt_txt;quoted-printable
model/vnd.pytha.pyox;pyo,pyox;
model/vnd.rosette.annotated-data-model;;
model/vnd.sap.vds;vds;
model/vnd.usdz+zip;usdz;
model/vnd.valve.source.compiled-map;bsp;
model/vnd.vtu;vtu;
model/vrml;wrl,vrml,wrz,vrm;
model/x-pov;pov;
model/x-x3d+binary;x3db,x3dbz;
model/x-x3d+vrml;x3dv,x3dvz;
model/x3d+fastinfoset;x3db;
model/x3d+xml;x3d,x3dz;
model/x3d-vrml;x3dv;
multipart/alternative;;8bit
multipart/appledouble;;8bit
multipart/byteranges;;
multipart/digest;;8bit
multipart/encrypted;;
multipart/example;;
multipart/form-data;;
multipart/header-set;;
multipart/mixed;;8bit
multipart/multilingual;;
multipart/parallel;;8bit
multipart/related;;
multipart/report;;
multipart/signed;;
multipart/vnd.bint.med-plus;bmed;
multipart/voice-message;VPM;
multipart/x-gzip;gzip;
multipart/x-mixed-replace;;
multipart/x-tar;;
multipart/x-ustar;ustar;
multipart/x-www-form-urlencoded;;
multipart/x-zip;zip;
text/1d-interleaved-parityfec;;
text/cache-manifest;appcache,manifest;
text/calendar;ics,icz,ifb,vcs;
text/cql;CQL;
text/cql-expression;;
text/cql-identifier;;
text/css;css;8bit
text/csv;CSV;8bit
text/csv-schema;csvs;
text/directory;;
text/directory - deprecated by rfc6350;;
text/dns;soa,zone;
text/ecmascript;es,js;
text/encaprtp;;
text/enriched;;
text/example;;
text/fhirpath;;
text/flexfec;;
text/fwdred;;
text/gff3;gff3;
text/grammar-ref-list;;
text/html;html,htm,htmlx,shtml,htx,acgi,htmls;8bit
text/javascript;js;
text/jcr-cnd;cnd;
text/markdown;md,markdown,mkd;
text/mizar;miz;
text/n3;n3;
text/parameters;;
text/parityfec;;
text/plain;txt,brf,conf,def,list,in,g,idc,lst,sdml,ini;8bit
text/provenance-notation;;
text/prs.fallenstein.rst;txt,rst;
text/prs.lines.tag;tag,dsc;
text/prs.prop.logic;txt;
text/raptorfec;;
text/red;;
text/rfc822-headers;;
text/richtext;rtx,rt,rtf;8bit
text/rtf;rtf;8bit
text/rtp-enc-aescm128;;
text/rtploopback;;
text/rtx;;
text/sgml;sgml,sgm;
text/shaclc;shaclc,shc;
text/spdx;spdx;
text/strings;;
text/t140;;
text/tab-separated-values;tsv;
text/troff;t,tr,roff,man,me,ms;
text/turtle;ttl;
text/ulpfec;;
text/uri-list;uris,uri,urls,uni,unis;
text/vcard;vcf,vcard,vct,gcrd;
text/vnd.a;a;
text/vnd.abc;abc;
text/vnd.ascii-art;ascii;
text/vnd.curl;curl;
text/vnd.curl.dcurl;dcurl;
text/vnd.curl.mcurl;mcurl;
text/vnd.curl.scurl;scurl;
text/vnd.debian.copyright;;
text/vnd.dmclientscript;dms;
text/vnd.dvb.subtitle;sub;
text/vnd.esmertec.theme-descriptor;jtd;
text/vnd.ficlab.flt;flt;
text/vnd.flatland.3dml;;
text/vnd.fly;fly;
text/vnd.fmi.flexstor;flx;
text/vnd.gml;gml;
text/vnd.graphviz;gv,dot;
text/vnd.hans;hans;
text/vnd.hgl;hgl;
text/vnd.in3d.3dml;3dml,3dm;
text/vnd.in3d.spot;spot,spo;
text/vnd.iptc.newsml;xml;
text/vnd.iptc.nitf;xml;
text/vnd.latex-z;;
text/vnd.motorola.reflex;;
text/vnd.ms-mediapackage;mpf;
text/vnd.net2phone.commcenter.command;ccc;
text/vnd.radisys.msml-basic-layout;;
text/vnd.rn-realtext;rt;
text/vnd.senx.warpscript;mc2;
text/vnd.si.uricatalogue;uric;
text/vnd.sosi;sos;
text/vnd.sun.j2me.app-descriptor;jad;8bit
text/vnd.trolltech.linguist;ts;
text/vnd.wap.si;si,xml;
text/vnd.wap.sl;sl,xml;
text/vnd.wap.wml;wml,xml;
text/vnd.wap.wmlscript;wmls;
text/vtt;vtt;
text/x-adasrc;adb,ads;
text/x-asm;s,asm;
text/x-asp;asp;
text/x-audiosoft-intra;aip;
text/x-authors;;
text/x-bibtex;bib;
text/x-boo;boo;
text/x-c;c,cc,cxx,cpp,h,hh,dic;
text/x-c++hdr;h++,hpp,hxx,hh,hp;
text/x-c++src;c++,cpp,cxx,cc,C;
text/x-changelog;;
text/x-chdr;h;
text/x-cmake;cmake;
text/x-cobol;cbl,cob;
text/x-comma-separated-values;;8bit
text/x-component;htc;8bit
text/x-copying;;
text/x-credits;;
text/x-crontab;;
text/x-csh;csh;
text/x-csharp;cs;
text/x-csrc;c;
text/x-dcl;dcl;
text/x-diff;diff,patch;
text/x-dsl;dsl;
text/x-dsrc;d,di;
text/x-eiffel;e,eif;
text/x-emacs-lisp;el;
text/x-english;;
text/x-erlang;erl;
text/x-event-stream;event-stream;
text/x-fortran;f,for,f77,f90,f95;
text/x-genie;gs;
text/x-gettext-translation;po;
text/x-gettext-translation-template;pot;
text/x-go;go;
text/x-google-video-pointer;gvp;
text/x-h;h,hh;
text/x-h323;323;
text/x-haskell;hs;
text/x-htmlh;;
text/x-idl;idl;
text/x-imelody;imy,ime;
text/x-install;;
text/x-iptables;iptables;
text/x-iuls;uls;
text/x-java;java;
text/x-java-source;java,jav;
text/x-la-asf;lsx;
text/x-ldif;ldif;
text/x-lilypond;ly;
text/x-literate-haskell;lhs;
text/x-log;log;
text/x-lua;lua;
text/x-m;m;
text/x-makefile;mk,mak;
text/x-markdown;markdown,md,mkd;
text/x-mathml;mml;
text/x-matlab;m;
text/x-mcf;mcf;
text/x-meson;;
text/x-microdvd;sub;
text/x-moc;moc;
text/x-modelica;mo;
text/x-mof;mof;
text/x-mpsub;sub;
text/x-mrml;mrml,mrl;
text/x-ms-regedit;reg;
text/x-mup;mup,not;
text/x-nfo;nfo;
text/x-objcsrc;m;
text/x-ocaml;ml,mli;
text/x-ocl;ocl;
text/x-ooc;ooc;
text/x-opml;opml;
text/x-opml+xml;opml;
text/x-pascal;p,pas;
text/x-patch;diff,patch;
text/x-pcs-gcd;gcd;
text/x-python;py,pyx,wsgi;
text/x-qml;qml,qmltypes,qmlproject;
text/x-readme;;
text/x-reject;rej;
text/x-rpm-spec;spec;
text/x-rust;rs;
text/x-scala;scala;
text/x-scheme;scm,ss;
text/x-scons;;
text/x-scriplet;wsc;
text/x-script;hlb;
text/x-script.csh;csh;
text/x-script.elisp;el;
text/x-script.guile;scm;
text/x-script.ksh;ksh;
text/x-script.lisp;lsp;
text/x-script.perl;pl;
text/x-script.perl-module;pm;
text/x-script.phyton;py;
text/x-script.rexx;rexx;
text/x-script.scheme;scm;
text/x-script.sh;sh;
text/x-script.tcl;tcl;
text/x-script.tcsh;tcsh;
text/x-script.zsh;zsh;
text/x-scriptlet;sct,wsc;
text/x-server-parsed-html;shtml,ssi;
text/x-setext;etx;
text/x-sfv;sfv;
text/x-sgml;sgml,sgm;8bit
text/x-sh;sh;
text/x-speech;spc,talk;
text/x-spreadsheet;sylk,slk;
text/x-ssa;ssa,ass;
text/x-subviewer;sub;
text/x-svhdr;svh;
text/x-svsrc;sv;
text/x-tcl;tcl,tk;
text/x-tex;tex,ltx,sty,cls,dtx,ins,latex;
text/x-texinfo;texi,texinfo;
text/x-texmacs;tm,ts;
text/x-troff-me;me;
text/x-troff-mm;mm;
text/x-troff-ms;ms;
text/x-txt2tags;t2t;
text/x-uil;uil;
text/x-uri;;
text/x-uuencode;uu,uue;
text/x-vala;vala,vapi;
text/x-vcalendar;vcs;8bit
text/x-vcard;vcf;8bit
text/x-verilog;v;
text/x-vhdl;vhd,vhdl;
text/x-webviewhtml;htt;
text/x-xmcd;;
text/x-xmi;xmi;
text/x-xslfo;fo,xslfo;
text/xml;xml;
text/xml-external-parsed-entity;xml,ent;
video/1d-interleaved-parityfec;;
video/3gpp;3gp,3gpp,3ga;base64
video/3gpp-tt;;
video/3gpp2;3g2,3gpp2,3gp2;base64
video/av1;;
video/bmpeg;;
video/bt656;;
video/celb;;
video/dv;dif,dv;
video/encaprtp;;
video/example;;
video/ffv1;;
video/flexfec;;
video/h261;h261;
video/h263;h263;
video/h263-1998;;
video/h263-2000;;
video/h264;h264;
video/h264-rcdo;;
video/h264-svc;;
video/h265;;
video/iso.segment;m4s;
video/jpeg;jpgv;
video/jpeg2000;;
video/jpm;jpm,jpgm;
video/mj2;mj2,mjp2;
video/mp1s;;
video/mp2p;;
video/mp2t;ts,m2t,m2ts,mts,cpi,clpi,mpl,mpls,bdm,bdmv;
video/mp4;mp4,mpg4,f4v,f4p,mp4v,m4v,lrv;
video/mp4v-es;;
video/mpeg;mp2,mpe,mpeg,mpg,m1v,m2v,mp3,mpa,vob;base64
video/mpeg4-generic;;
video/mpv;;
video/nv;;
video/ogg;ogv,ogg;
video/parityfec;;
video/pointer;;
video/quicktime;qt,mov,moov,qtvr;base64
video/raptorfec;;
video/raw;;
video/rtp-enc-aescm128;;
video/rtploopback;;
video/rtx;;
video/scip;;
video/smpte291;;
video/smpte292m;;
video/ulpfec;;
video/vc1;;
video/vc2;;
video/vnd.cctv;;
video/vnd.dece.hd;uvh,uvvh;
video/vnd.dece.mobile;uvm,uvvm;
video/vnd.dece.mp4;uvu,uvvu;
video/vnd.dece.pd;uvp,uvvp;
video/vnd.dece.sd;uvs,uvvs;
video/vnd.dece.video;uvv,uvvv;
video/vnd.directv.mpeg;;
video/vnd.directv.mpeg-tts;;
video/vnd.dlna.mpeg-tts;;
video/vnd.dvb.file;dvb;
video/vnd.fvt;fvt;
video/vnd.hns.video;rm;
video/vnd.iptvforum.1dparityfec-1010;;
video/vnd.iptvforum.1dparityfec-2005;;
video/vnd.iptvforum.2dparityfec-1010;;
video/vnd.iptvforum.2dparityfec-2005;;
video/vnd.iptvforum.ttsavc;;
video/vnd.iptvforum.ttsmpeg2;;
video/vnd.motorola.video;;
video/vnd.motorola.videop;;
video/vnd.mpegurl;mxu,m4u,m1u;8bit
video/vnd.ms-playready.media.pyv;pyv;
video/vnd.mts;;
video/vnd.nokia.interleaved-multimedia;nim;
video/vnd.nokia.mp4vr;mp4;
video/vnd.nokia.videovoip;;
video/vnd.objectvideo;mp4;
video/vnd.radgamettools.bink;bik,bk2;
video/vnd.radgamettools.smacker;smk;
video/vnd.rn-realvideo;rv,rvx;
video/vnd.sealed.mpeg1;smpg,s11;
video/vnd.sealed.mpeg4;smpg,s14;
video/vnd.sealed.swf;sswf,ssw;
video/vnd.sealedmedia.softseal.mov;smov,smo,s1q;
video/vnd.uvvu.mp4;uvu,uvvu;
video/vnd.vivo;viv,vivo;
video/vnd.youtube.yt;yt;
video/vp8;;
video/x-amt-demorun;xdr;
video/x-amt-showrun;xsr;
video/x-anim;;
video/x-animaflex;afl;
video/x-annodex;axv;
video/x-atomic3d-feature;fmf;
video/x-avi;avi;
video/x-avs-video;avs;
video/x-dl;dl;base64
video/x-dv;dif,dv;
video/x-f4v;f4v;
video/x-fli;fli;base64
video/x-flic;fli,flc;
video/x-flv;flv;base64
video/x-gl;gl;base64
video/x-isivideo;;
video/x-isvideo;isu;
video/x-javafx;fxm;
video/x-la-asf;lsf,lsx;
video/x-m4v;m4v;
video/x-matroska;mpv,mkv,mk3d,mks;
video/x-matroska-3d;mk3d;
video/x-mng;mng;
video/x-motion-jpeg;mjpg;
video/x-mpeg;mp2,mp3;
video/x-mpeq2a;mp2;
video/x-ms-asf;asf,asx;
video/x-ms-asf-plugin;asx;
video/x-ms-vob;vob;
video/x-ms-wm;wm;
video/x-ms-wmv;wmv;
video/x-ms-wmx;wmx;
video/x-ms-wvx;wvx;
video/x-msvideo;avi,avf,divx;base64
video/x-nsv;nsv;
video/x-ogm+ogg;ogm;
video/x-qtc;qtc;
video/x-scm;scm;
video/x-sgi-movie;movie,mv;base64
video/x-smv;smv;
video/x-theora+ogg;ogg;
video/x-vdo;vdo;
video/x-vivo;viv,vivo;
video/x-vosaic;vos;
video/x-wavelet;;
video/x-webm;webm;base64
x-chemical/x-alchemy;alc;
x-chemical/x-cache;cac,cache;
x-chemical/x-cache-csf;csf;
x-chemical/x-cactvs-binary;cbin,cascii,ctab;
x-chemical/x-cdx;cdx;
x-chemical/x-cerius;cer;
x-chemical/x-chem3d;c3d;
x-chemical/x-chemdraw;chm;
x-chemical/x-cif;cif;
x-chemical/x-cmdf;cmdf;
x-chemical/x-cml;cml;
x-chemical/x-compass;cpa;
x-chemical/x-crossfire;bsd;
x-chemical/x-csml;csml,csm;
x-chemical/x-ctx;ctx;
x-chemical/x-cxf;cxf,cef;
x-chemical/x-embl-dl-nucleotide;emb,embl;
x-chemical/x-galactic-spc;spc;
x-chemical/x-gamess-input;inp,gam,gamin;
x-chemical/x-gaussian-checkpoint;fch,fchk;
x-chemical/x-gaussian-cube;cub;
x-chemical/x-gaussian-input;gau,gjc,gjf;
x-chemical/x-gaussian-log;gal;
x-chemical/x-gcg8-sequence;gcg;
x-chemical/x-genbank;gen;
x-chemical/x-hin;hin;
x-chemical/x-isostar;istr,ist;
x-chemical/x-jcamp-dx;jdx,dx;
x-chemical/x-kinemage;kin;
x-chemical/x-macmolecule;mcm;
x-chemical/x-macromodel-input;mmd,mmod;
x-chemical/x-mdl-molfile;mol;
x-chemical/x-mdl-rdfile;rd;
x-chemical/x-mdl-rxnfile;rxn;
x-chemical/x-mdl-sdfile;sd,sdf;
x-chemical/x-mdl-tgf;tgf;
x-chemical/x-mmcif;mcif;
x-chemical/x-mol2;mol2;
x-chemical/x-molconn-z;b;
x-chemical/x-mopac-graph;gpt;
x-chemical/x-mopac-input;mop,mopcrt,mpc,zmt;
x-chemical/x-mopac-out;moo;
x-chemical/x-mopac-vib;mvb;
x-chemical/x-ncbi-asn1;asn;
x-chemical/x-ncbi-asn1-ascii;prt,ent;
x-chemical/x-ncbi-asn1-binary;val,aso;
x-chemical/x-ncbi-asn1-spec;asn;
x-chemical/x-pdb;pdb,ent,xyz;
x-chemical/x-rosdal;ros;
x-chemical/x-swissprot;sw;
x-chemical/x-vamas-iso14976;vms;
x-chemical/x-vmd;vmd;
x-chemical/x-xtel;xtel;
x-chemical/x-xyz;xyz;
x-conference/x-cooltalk;ice;
x-content/x-audio-cdda;;
x-content/x-audio-dvd;;
x-content/x-audio-player;;
x-content/x-blank-bd;;
x-content/x-blank-cd;;
x-content/x-blank-dvd;;
x-content/x-blank-hddvd;;
x-content/x-ebook-reader;;
x-content/x-image-dcf;;
x-content/x-image-picturecd;;
x-content/x-software;;
x-content/x-unix-software;;
x-content/x-video-bluray;;
x-content/x-video-dvd;;
x-content/x-video-hddvd;;
x-content/x-video-svcd;;
x-content/x-video-vcd;;
x-content/x-win32-software;;
x-drawing/x-dwf;dwf;
x-epoc/x-sisx-app;sisx;
x-i-world/x-i-vrml;ivr;
x-inode/x-blockdevice;;
x-inode/x-chardevice;;
x-inode/x-directory;;
x-inode/x-directory-locked;;
x-inode/x-fifo;;
x-inode/x-mount-point;;
x-inode/x-socket;;
x-inode/x-symlink;;
x-music/x-crescendo;mid,midi;
x-music/x-karaoke;kar;
x-music/x-midi;mid,midi;
x-paleovu/x-pv;pvu;
x-windows/x-metafile;wmf;
x-world/x-3dmf;3dm,3dmf,qd3,qd3d;
x-world/x-svr;svr;
x-world/x-vrml;wrl,vrml,vrm,wrz;
x-world/x-vrt;vrt;
x-www/x-mime;mime;
x-xgl/x-drawing;xgz;
x-xgl/x-movie;xmz;
