#;application/x-mathcad
%;application/x-trash
0fs;application/vnd.erofs
1;application/vnd.ieee.1905
123;application/vnd.lotus-1-2-3
1clr;application/clr
1km;application/vnd.1000minds.decision-model+xml
210;application/p21,model/step
3;application/yaml
323;text/x-h323
32x;application/x-genesis-rom
3MF;application/vnd.ms-3mfdocument
3dm;model/vnd.flatland.3dml,text/vnd.in3d.3dml,x-world/x-3dmf
3dmf;x-world/x-3dmf
3dml;model/vnd.flatland.3dml,text/vnd.in3d.3dml
3ds;image/x-3ds
3g2;video/3gpp2
3ga;video/3gpp
3gp;audio/3gpp,audio/evs,video/3gpp
3gp2;video/3gpp2
3gpp;audio/3gpp,audio/evs,video/3gpp
3gpp2;video/3gpp2
3mf;model/3mf
3tz;application/vnd.maxar.archive.3tz+zip
602;application/x-t602
669;audio/x-mod
726;audio/32kadpcm
7z;application/x-7z-compressed
AIT;application/vnd.dvb.ait
AMR;audio/amr
AWB;audio/amr-wb
BDM;application/vnd.syncml.dm+wbxml
BED;application/vnd.realvnc.bed
BLEND;application/x-blender
BMI;application/vnd.bmi
BOX;application/vnd.previewsystems.box
C;text/x-c++src
CAB;application/vnd.ubisoft.webplayer
CER;application/pkix-cert
CHRT;application/vnd.kde.kchart
CQL;text/cql
CRL;application/pkix-crl
CSV;text/csv
DAF;application/vnd.mobius.daf
DIS;application/vnd.mobius.dis
EDM;application/vnd.novadigm.edm
EDX;application/vnd.novadigm.edx
ENW;audio/evrcnw
EP;application/vnd.bluetooth.ep.oob
EVB;audio/evrcb
EVC;audio/evrc
EVW;audio/evrcwb
EXT;application/vnd.novadigm.ext
FLW;application/vnd.kde.kivio
FNC;application/vnd.frogans.fnc
FO;application/vnd.software602.filler.form+xml
FTC;application/vnd.fluxtime.clip
HPUB;application/prs.hpub+zip
J2C;image/j2c
J2K;image/j2c
KARBON;application/vnd.kde.karbon
KFO;application/vnd.kde.kformula
KON;application/vnd.kde.kontour
KPR;application/vnd.kde.kpresenter
KPT;application/vnd.kde.kpresenter
KSP;application/vnd.kde.kspread
KWD;application/vnd.kde.kword
KWT;application/vnd.kde.kword
L16;audio/l16
LBC;audio/ilbc
LE;application/vnd.bluetooth.le.oob
LTF;application/vnd.frogans.ltf
MBK;application/vnd.mobius.mbk
MC1;application/vnd.medcalcdata
MCD;application/vnd.mcd,application/vnd.vectorworks
MQY;application/vnd.mobius.mqy
MSL;application/vnd.mobius.msl
NND;application/vnd.noblenet-directory
NNS;application/vnd.noblenet-sealer
NNW;application/vnd.noblenet-web
ORQ;application/ocsp-request
ORS;application/ocsp-response
P2P;application/vnd.wfa.p2p
PAR2;application/x-par2
PFR;application/font-tdpfr
PGB;image/vnd.globalgraphics.pgb
PKI;application/pkixcmp
PL;application/x-perl
PLC;application/vnd.mobius.plc
PPD;application/vnd.cups-ppd
QBO;application/vnd.intu.qbo
QCP;audio/evrc-qcp,audio/smv-qcp
QFX;application/vnd.intu.qfx
SAR;application/vnd.sar
SCQ;application/scvp-cv-request
SCS;application/scvp-cv-response
SMV;audio/smv
SPP;application/scvp-vp-response
SPQ;application/scvp-vp-request
SSE;application/vnd.kodak-descriptor
T38;image/t38
TFX;image/tiff-fx
TIF;image/tiff
TXF;application/vnd.mobius.txf
Text;application/vnd.cncf.helm.chart.provenance.v1.prov
UTZ;application/vnd.uiq.theme
VBOX;application/vnd.previewsystems.box
VES;application/vnd.ves.encrypted
VFK;text/vnd.exchangeable
VPM;multipart/voice-message
VWX;application/vnd.vectorworks
WAV;audio/l16
WSC;application/vnd.wfa.wsc,message/vnd.wfa.wsc
XAR;application/vnd.xara
XDM;application/vnd.syncml.dm+xml
XML;application/vnd.infotech.project+xml
XOP;application/xop+xml
XPR;application/vnd.is-xpr
XPW;application/vnd.intercon.formnet
XPX;application/vnd.intercon.formnet
XSM;application/vnd.syncml+xml
X_B;model/vnd.parasolid.transmit.binary
X_T;model/vnd.parasolid.transmit.text
Z;application/x-compress
ZFO;application/vnd.software602.filler.form-xml-zip
ZMM;application/vnd.handheld-entertainment+xml
a;text/vnd.a,application/x-archive,application/octet-stream
a2l;application/a2l
aa3;audio/atrac-advanced-lossless,audio/atrac-x,audio/atrac3
aab;application/x-authorware-bin
aac;audio/aac,audio/x-aac
aal;audio/atrac-advanced-lossless
aam;application/x-authorware-map
aas;application/x-authorware-seg
abc;text/vnd.abc
abw;application/x-abiword
ac;application/pkix-attr-cert,application/vnd.nokia.n-gage.ac+xml
ac2;application/vnd.banana-accounting
ac3;audio/ac3
acc;application/vnd.americandynamics.acc
ace;application/x-ace-compressed,application/x-ace
acgi;text/html
acu;application/vnd.acucobol
acutc;application/vnd.acucorp
adb;text/x-adasrc
adp;audio/x-adpcm
ads;text/x-adasrc
adts;audio/aac
aep;application/vnd.audiograph
afl;video/x-animaflex
afm;application/x-font-type1,application/x-font-afm
afp;application/vnd.afpc.modca,application/vnd.ibm.modcap
ag;image/x-applix-graphics
agb;application/x-gba-rom
age;application/vnd.age
ahead;application/vnd.ahead.space
ai;application/postscript,application/x-illustrator
aif;audio/x-aiff
aifc;audio/x-aiff,audio/x-aifc
aiff;audio/x-aiff
aiffc;audio/x-aifc
aim;application/x-aim
aion;application/vnd.veritone.aion+json
aip;text/x-audiosoft-intra
air;application/vnd.adobe.air-application-installer-package+zip
ait;application/vnd.dvb.ait
al;application/x-perl
alc;x-chemical/x-alchemy
alz;application/x-alz
ami;application/vnd.amiga.ami,application/vnd.amiga.amu
aml;application/aml,application/automationml-aml+xml
amlx;application/automationml-amlx+zip
amr;audio/amr
amz;audio/x-amzxml
ani;application/x-navi-animation,application/octet-stream
anx;application/x-annodex
any;application/vnd.mitsubishi.misty-guard.trustweb
aos;application/x-nokia-9000-communicator-add-on-software
ape;audio/x-ape
apk;application/vnd.android.package-archive
apkg;application/vnd.anki
apng;image/apng,image/vnd.mozilla.apng
appcache;text/cache-manifest
application;application/x-ms-application
apr;application/vnd.lotus-approach
aps;application/x-mime
apxml;application/auth-policy+xml
ar;application/x-archive
arc;application/x-freearc,application/octet-stream
arj;application/x-arj,application/octet-stream
arrow;application/vnd.apache.arrow.file
arrows;application/vnd.apache.arrow.stream
art;image/x-jg
artisan;application/vnd.artisan+json
arw;image/x-sony-arw
as;application/x-applix-spreadsheet
asc;application/pgp-keys,application/pgp-signature,application/pgp-encrypted,text/plain
ascii;text/vnd.ascii-art
asf;application/vnd.ms-asf,video/x-ms-asf
asice;application/vnd.etsi.asic-e+zip
asics;application/vnd.etsi.asic-s+zip
asm;text/x-asm
asn;x-chemical/x-ncbi-asn1,x-chemical/x-ncbi-asn1-spec
aso;application/vnd.accpac.simply.aso,x-chemical/x-ncbi-asn1-binary
asp;text/x-asp,application/x-asp
ass;audio/aac,text/x-ssa
asx;video/x-ms-asf,application/x-mplayer2,video/x-ms-asf-plugin,audio/x-ms-asx
at3;audio/atrac3
atc;application/vnd.acucorp
atf;application/atf
atfx;application/atfx
atom;application/atom+xml
atomcat;application/atomcat+xml
atomdeleted;application/atomdeleted+xml
atomsrv;application/x-atomserv+xml
atomsvc;application/atomsvc+xml
atx;application/vnd.antix.game-component,audio/atrac-x
atxml;application/atxml
au;audio/basic,audio/x-au
auc;application/tamp-apex-update-confirm
avci;image/avci
avcs;image/avcs
avf;video/x-msvideo
avi;video/x-msvideo,application/x-troff-msvideo,video/x-avi
avif;image/avif
avs;video/x-avs-video
aw;application/x-applixware,application/x-applix-word
awb;audio/amr-wb
awk;application/x-awk
axa;audio/x-annodex
axv;video/x-annodex
axx;application/vnd.xecrets-encrypted
azf;application/vnd.airzip.filesecure.azf
azs;application/vnd.airzip.filesecure.azs
azv;image/vnd.airzip.accelerator.azv
azw;application/vnd.amazon.ebook
azw3;application/vnd.amazon.mobi8-ebook
b;x-chemical/x-molconn-z
b16;image/vnd.pco.b16
bak;application/x-trash
bar;application/vnd.qualcomm.brew-app-res
bary;model/vnd.bary
bat;application/x-msdos-program,application/x-msdownload
bck;application/x-vmsbackup
bcpio;application/x-bcpio
bdf;application/x-font-bdf
bdm;application/vnd.syncml.dm+wbxml,video/mp2t
bdmv;video/mp2t
bdo;application/vnd.nato.bindingdataobject+xml
bdob;application/vnd.nato.bindingdataobject+cbor
bdoj;application/vnd.nato.bindingdataobject+json
bed;application/vnd.realvnc.bed
bh2;application/vnd.fujitsu.oasysprs
bib;text/x-bibtex
bik;video/vnd.radgamettools.bink
bin;application/octet-stream
bk2;video/vnd.radgamettools.bink
bkm;application/vnd.nervana
blb;application/x-blorb
bleep;application/x-bleeper
blend;application/x-blender
blender;application/x-blender
blorb;application/x-blorb
bm;image/bmp
bmed;multipart/vnd.bint.med-plus
bmi;application/vnd.bmi
bmml;application/vnd.balsamiq.bmml+xml
bmp;image/bmp,image/x-bmp,image/x-ms-bmp,image/x-windows-bmp
bmpr;application/vnd.balsamiq.bmpr
boo;text/x-boo,application/x-book
book;application/x-maker,application/vnd.framemaker,application/x-book
box;application/vnd.previewsystems.box
boz;application/x-bzip2
bpd;application/vnd.fints,application/vnd.hbci
bpk;application/octet-stream
brf;text/plain
bsd;x-chemical/x-crossfire
bsh;application/x-bsh
bsp;model/vnd.valve.source.compiled-map
btf;image/prs.btif
btif;image/prs.btif
buffer;application/octet-stream
bz;application/x-bzip
bz2;application/x-bzip2,application/x-bzip
bz3;application/vnd.bzip3
c;text/x-csrc,text/x-c,text/plain
c++;text/x-c++src,text/plain
c11amc;application/vnd.cluetrust.cartomobile-config
c11amz;application/vnd.cluetrust.cartomobile-config-pkg
c2pa;application/c2pa
c3d;x-chemical/x-chem3d
c3ex;application/cccex
c4d;application/vnd.clonk.c4group
c4f;application/vnd.clonk.c4group
c4g;application/vnd.clonk.c4group
c4p;application/vnd.clonk.c4group
c4u;application/vnd.clonk.c4group
c9r;application/vnd.cryptomator.encrypted
c9s;application/vnd.cryptomator.encrypted
cab;application/vnd.ms-cab-compressed,application/x-cab
cac;x-chemical/x-cache
cache;x-chemical/x-cache
caf;audio/x-caf
cap;application/vnd.tcpdump.pcap,application/x-cap
car;application/vnd.ipld.car,application/vnd.curl.car
carjson;application/vnd.eu.kasparian.car+json
cascii;x-chemical/x-cactvs-binary
cat;application/vnd.ms-pki.seccat
cb7;application/x-cbr,application/x-cb7
cba;application/x-cbr
cbin;x-chemical/x-cactvs-binary
cbl;text/x-cobol
cbor;application/cbor,application/cose,application/cose-key,application/cose-key-set,application/vnd.ipld.dag-cbor
cbr;application/vnd.comicbook-rar,application/x-cbr
cbt;application/x-cbr,application/x-cbt
cbz;application/vnd.comicbook+zip,application/x-cbz,application/x-cbr
cc;text/x-c++src,text/x-c,text/plain
ccad;application/x-clariscad
ccc;text/vnd.net2phone.commcenter.command
ccmp;application/ccmp+xml
ccmx;application/x-ccmx
cco;application/x-cocoa
cct;application/x-director
ccxml;application/ccxml+xml
cda;application/x-cdf
cdbcmsg;application/vnd.contact.cmsg
cdf;application/x-cdf,application/x-netcdf
cdfx;application/cdfx+xml
cdkey;application/vnd.mediastation.cdkey
cdmia;application/cdmi-capability
cdmic;application/cdmi-container
cdmid;application/cdmi-domain
cdmio;application/cdmi-object
cdmiq;application/cdmi-queue
cdr;image/x-coreldraw,application/vnd.corel-draw
cdt;image/x-coreldrawtemplate
cdx;x-chemical/x-cdx
cdxml;application/vnd.chemdraw+xml
cdy;application/vnd.cinderella
cea;application/cea
cef;x-chemical/x-cxf
cellml;application/cellml+xml
cer;application/pkix-cert,x-chemical/x-cerius,application/x-x509-ca-cert
cert;application/x-x509-ca-cert
cfs;application/x-cfs-compressed
cgb;application/x-gameboy-rom
cgm;image/cgm
cha;application/x-chat
chat;application/x-chat
chm;application/vnd.ms-htmlhelp,x-chemical/x-chemdraw
chrt;application/vnd.kde.kchart,application/x-kchart
cif;application/vnd.multiad.creator.cif,x-chemical/x-cif
cii;application/vnd.anser-web-certificate-issue-initiation
cil;application/vnd.ms-artgalry
cjs;application/node
cl;application/simple-filter+xml,message/imdn+xml
cla;application/vnd.claymore
class;application/vnd.dvb.dvbj,application/x-java-vm,application/x-java,application/x-java-byte-code,application/x-java-class
cld;model/vnd.cld
clip;image/vnd.clip
clkk;application/vnd.crick.clicker.keyboard
clkp;application/vnd.crick.clicker.palette
clkt;application/vnd.crick.clicker.template
clkw;application/vnd.crick.clicker.wordbank
clkx;application/vnd.crick.clicker
clp;application/x-msclip
clpi;video/mp2t
cls;text/x-tex
clue;application/clue_info+xml
cmake;text/x-cmake
cmc;application/vnd.cosmocaller
cmdf;x-chemical/x-cmdf
cml;x-chemical/x-cml
cmp;application/vnd.yellowriver-custom-menu
cmsc;application/cms
cmx;image/x-cmx
cnd;text/jcr-cnd
cob;text/x-cobol
cod;application/vnd.rim.cod
coffee;application/vnd.coffeescript
com;application/x-msdos-program,application/x-msdownload,application/octet-stream,text/plain
conf;text/plain
coswid;application/swid+cbor
cpa;x-chemical/x-compass
cpi;video/mp2t
cpio;application/x-cpio
cpj;application/vnd.xarin.cpj
cpkg;application/vnd.xmpie.cpkg
cpl;application/cpl+xml
cpp;text/x-c++src,text/x-c,text/plain
cpt;audio/vnd.dts,application/x-mac-compactpro,image/x-corelphotopaint,application/x-compactpro,application/x-cpt
cr2;image/x-canon-cr2
crd;application/x-mscardfile
crdownload;application/x-partial-download
crl;application/pkix-crl,application/x-pkcs7-crl,application/x-pkcs-crl
crt;application/x-x509-ca-cert,application/pkix-cert,application/x-x509-user-cert
crtr;application/vnd.multiad.creator
crw;image/x-canon-crw
crx;application/x-chrome-extension
cryptomator;application/vnd.cryptomator.vault
cryptonote;application/vnd.rig.cryptonote
cs;text/x-csharp
csf;x-chemical/x-cache-csf
csh;application/x-csh,text/x-csh,text/x-script.csh
csl;application/vnd.citationstyles.style+xml
csm;application/x-cu-seeme,x-chemical/x-csml
csml;x-chemical/x-csml
csp;application/vnd.commonspace
csrattrs;application/csrattrs
css;text/css,application/x-pointplus
cst;application/vnd.commonspace,application/x-director
csv;text/csv
csvs;text/csv-schema
ctab;x-chemical/x-cactvs-binary
ctx;x-chemical/x-ctx
cu;application/x-cu-seeme
cub;x-chemical/x-gaussian-cube
cuc;application/tamp-community-update-confirm
cue;application/x-cue
cur;image/x-win-bitmap
curl;application/vnd.curl,text/vnd.curl
cw;application/prs.cww
cwl;application/cwl
cwl.json;application/cwl+json
cwl.yaml;application/cwl+yaml
cww;application/prs.cww
cxf;x-chemical/x-cxf
cxt;application/x-director
cxx;text/x-c++src,text/x-c,text/plain
d;text/x-dsrc
dae;model/vnd.collada+xml
daf;application/vnd.mobius.daf
dar;application/x-dar
dart;application/vnd.dart
dat;application/x-ns-proxy-autoconfig,text/plain
dataless;application/vnd.fdsn.seed
davmount;application/davmount+xml
dbf;application/vnd.dbf,application/x-dbf
dbk;application/x-docbook+xml
dc;application/x-dc-rom
dcd;application/dcd
dcl;text/x-dcl
dcm;application/dicom
dcmp;application/vnd.dcmp+xml
dcr;application/x-director,image/x-kodak-dcr
dcurl;text/vnd.curl.dcurl
dd2;application/vnd.oma.dd2+xml
ddd;application/vnd.fujixerox.ddd
ddf;application/vnd.syncml.dmddf+wbxml,application/vnd.syncml.dmddf+xml
dds;image/x-dds
deb;application/vnd.debian.binary-package,application/x-debian-package
deepv;application/x-deepv
def;text/plain
deploy;application/octet-stream
der;application/x-x509-ca-cert
desktop;application/x-desktop
dfac;application/vnd.dreamfactory
dgc;application/x-dgc-compressed
dgn;image/vnd.dgn
di;text/x-dsrc
dia;application/x-dia-diagram
dib;image/bmp
dic;text/x-c
did;application/did
dif;video/dv,video/x-dv
diff;text/x-diff,text/x-patch,text/plain
dii;application/dii
dim;application/vnd.fastcopy-disk-image
dir;application/x-director
dis;application/vnd.mobius.dis
disclosed;application/vnd.sss-ntf
disposition-notification;message/disposition-notification
dist;application/vnd.apple.installer+xml,application/octet-stream
distz;application/vnd.apple.installer+xml,application/octet-stream
dit;application/dit
dive;application/vnd.patentdive
divx;video/x-msvideo
djv;image/vnd.djvu
djvu;image/vnd.djvu
dl;application/vnd.datalog,video/x-dl
dll;application/vnd.microsoft.portable-executable,application/x-msdos-program,application/x-msdownload,application/octet-stream
dls;audio/dls
dmg;application/x-apple-diskimage,application/octet-stream
dmp;application/vnd.tcpdump.pcap
dms;text/vnd.dmclientscript,application/x-dms,application/octet-stream
dna;application/vnd.dna
dng;image/x-adobe-dng
doc;application/msword,application/x-msword
docbook;application/x-docbook+xml
docjson;application/vnd.document+json
docm;application/vnd.ms-word.document.macroenabled.12
docx;application/vnd.openxmlformats-officedocument.wordprocessingml.document
dor;model/vnd.gs-gdl
dot;text/vnd.graphviz,application/msword,application/x-msword,application/x-msword-template
dotm;application/vnd.ms-word.template.macroenabled.12
dotx;application/vnd.openxmlformats-officedocument.wordprocessingml.template
dp;application/vnd.osgi.dp,application/commonground
dpg;application/vnd.dpgraph
dpgraph;application/vnd.dpgraph
dpkg;application/vnd.xmpie.dpkg,application/vnd.xmpie.plan
dpx;image/dpx
dra;audio/vnd.dra
drle;image/dicom-rle
drw;application/x-drafting
dsc;text/prs.lines.tag
dsl;text/x-dsl
dsm;application/vnd.desmume.movie
dspx;application/vnd.openvpi.dspx+json
dssc;application/dssc+der
dtb;application/x-dtbook+xml
dtd;application/xml-dtd
dts;audio/vnd.dts
dtshd;audio/vnd.dts.hd
dtx;text/x-tex
dump;application/octet-stream
dv;video/dv,video/x-dv
dvb;audio/vnd.dvb.file,video/vnd.dvb.file
dvc;application/dvcs
dvi;application/x-dvi
dwd;application/atsc-dwd+xml
dwf;model/vnd.dwf,x-drawing/x-dwf
dwg;image/vnd.dwg,application/x-acad,image/x-dwg
dx;x-chemical/x-jcamp-dx
dxf;image/vnd.dxf,application/x-dxf,image/vnd.dwg,image/x-dwg
dxp;application/vnd.spotfire.dxp
dxr;application/vnd.dxr,application/x-director
dzr;application/vnd.dzr
e;text/x-eiffel
eFIF;application/vnd.picsel
ebuild;application/vnd.gentoo.ebuild
ecelp4800;audio/vnd.nuera.ecelp4800
ecelp7470;audio/vnd.nuera.ecelp7470
ecelp9600;audio/vnd.nuera.ecelp9600
ecig;application/vnd.evolv.ecig.settings
ecigprofile;application/vnd.evolv.ecig.profile
ecigtheme;application/vnd.evolv.ecig.theme
eclass;application/vnd.gentoo.eclass
ecma;application/ecmascript
edm;application/vnd.novadigm.edm
edx;application/vnd.novadigm.edx
efi;application/efi
efif;application/vnd.picsel
egon;application/x-egon
ei6;application/vnd.pg.osasli
eif;text/x-eiffel
el;text/x-script.elisp,text/x-emacs-lisp
elc;application/x-bytecode.elisp,application/x-elc,application/octet-stream
eln;application/vnd.eln+zip
emb;x-chemical/x-embl-dl-nucleotide
embl;x-chemical/x-embl-dl-nucleotide
emf;image/emf,application/x-msmetafile,image/x-emf
eml;message/rfc822
emm;application/vnd.ibm.electronic-media
emma;application/emma+xml
emotionml;application/emotionml+xml
emp;application/vnd.emusic-emusic_package
emz;application/x-msmetafile
ent;application/vnd.nervana,application/xml-external-parsed-entity,text/xml-external-parsed-entity,x-chemical/x-ncbi-asn1-ascii,x-chemical/x-pdb
entity;application/vnd.nervana
env;application/x-envoy
enw;audio/evrcnw
eol;audio/vnd.digital-winds
eot;application/vnd.ms-fontobject
eps;application/postscript,image/x-eps
eps2;application/postscript
eps3;application/postscript
epsf;application/postscript,image/x-eps
epsi;application/postscript,image/x-eps
epub;application/epub+zip
erf;image/x-epson-erf
erl;text/x-erlang
erofs;application/vnd.erofs
es;text/ecmascript
es3;application/vnd.eszigno3+xml
esa;application/vnd.osgi.subsystem
esf;application/vnd.epson.esf
espass;application/vnd.espass-espass+zip
et3;application/vnd.eszigno3+xml
etheme;application/x-e-theme
etx;text/x-setext
eva;application/x-eva
evb;audio/evrcb
evc;audio/evrc
event-stream;text/x-event-stream
evw;audio/evrcwb
evy;application/x-envoy
exe;application/vnd.microsoft.portable-executable,application/x-msdos-program,application/x-msdownload,application/x-ms-dos-executable,application/octet-stream
exi;application/exi
exp;application/express
exr;image/aces,image/x-exr
ext;application/vnd.novadigm.ext
ez;application/andrew-inset
ez2;application/vnd.ezpix-album
ez3;application/vnd.ezpix-package
f;text/x-fortran,text/plain
f4a;audio/mp4
f4b;audio/mp4,audio/x-m4b
f4p;video/mp4
f4v;video/mp4,video/x-f4v
f77;text/x-fortran
f90;text/x-fortran,text/plain
f95;text/x-fortran
fb;application/x-maker
fb2;application/x-fictionbook+xml
fbdoc;application/x-maker
fbs;image/vnd.fastbidsheet
fcdt;application/vnd.adobe.formscentral.fcdt
fch;x-chemical/x-gaussian-checkpoint
fchk;x-chemical/x-gaussian-checkpoint
fcs;application/vnd.isac.fcs
fdf;application/fdf,application/vnd.fdf
fdt;application/fdt+xml
fe_launch;application/vnd.denovo.fcselayout-link
fg5;application/vnd.fujitsu.oasysgp
fgd;application/x-director
fh;image/x-freehand
fh4;image/x-freehand
fh5;image/x-freehand
fh7;image/x-freehand
fhc;image/x-freehand
fif;application/x-fractals,image/x-fif
fig;application/x-xfig,image/x-xfig
fits;application/fits,image/fits
fl;application/x-fluid
fla;application/vnd.dtg.local.flash
flac;audio/flac,audio/x-flac
flb;application/vnd.ficlab.flb+zip
flc;video/x-flic
fli;video/x-fli,video/x-flic
flo;application/vnd.micrografx.flo,image/x-florian
flt;text/vnd.ficlab.flt
flv;video/x-flv
flw;application/vnd.kde.kivio,application/x-kivio
flx;text/vnd.fmi.flexstor
fly;text/vnd.fly
fm;application/x-maker,application/vnd.framemaker
fmf;video/x-atomic3d-feature
fnc;application/vnd.frogans.fnc
fo;text/x-xslfo
fodg;application/vnd.oasis.opendocument.graphics-flat-xml
fodp;application/vnd.oasis.opendocument.presentation-flat-xml
fods;application/vnd.oasis.opendocument.spreadsheet-flat-xml
fodt;application/vnd.oasis.opendocument.text-flat-xml
for;text/x-fortran,text/plain
fpx;application/vnd.netfpx,image/vnd.fpx,image/vnd.net-fpx
frame;application/x-maker,application/vnd.framemaker
frl;application/x-freeloader
frm;application/vnd.ufdl,application/vnd.xfdl,application/x-maker
fsc;application/vnd.fsc.weblaunch,application/vnd.fsc.weblauch
fst;image/vnd.fst
ftc;application/vnd.fluxtime.clip
fti;application/vnd.anser-web-funds-transfer-initiation
funk;audio/x-make
fvt;video/vnd.fvt
fxm;video/x-javafx
fxp;application/vnd.adobe.fxp
fxpl;application/vnd.adobe.fxp
fzs;application/vnd.fuzzysheet
g;text/plain
g2w;application/vnd.geoplan
g3;application/vnd.geocube+xml,image/g3fax,image/x-fax-g3
g3w;application/vnd.geospace
gac;application/vnd.groove-account
gal;x-chemical/x-gaussian-log
gam;x-chemical/x-gamess-input,application/x-tads
gamin;x-chemical/x-gamess-input
gau;x-chemical/x-gaussian-input
gb;application/x-gameboy-rom
gba;application/x-gba-rom
gbc;application/x-gameboy-rom
gbr;application/rpki-ghostbusters,application/vnd.gerber,application/vnd.rs-274x
gca;application/x-gca-compressed
gcd;text/x-pcs-gcd
gcf;application/x-graphing-calculator
gcg;x-chemical/x-gcg8-sequence
gcrd;text/vcard
gdl;model/vnd.gs-gdl,model/vnd.gdl
gdz;application/vnd.familysearch.gedcom+zip
ged;text/vnd.familysearch.gedcom,application/x-gedcom
gedcom;application/x-gedcom
gem;application/x-tar
gen;x-chemical/x-genbank,application/x-genesis-rom
genozip;application/vnd.genozip
geo;application/vnd.dynageo
geojson;application/geo+json,application/vnd.geo+json
gex;application/vnd.geometry-explorer
gf;application/x-tex-gf
gff3;text/gff3
gg;application/x-sms-rom
ggb;application/vnd.geogebra.file
ggp;application/vnd.geogebra.pinboard
ggs;application/vnd.geogebra.slides
ggt;application/vnd.geogebra.tool
ghf;application/vnd.groove-help
gif;image/gif
gim;application/vnd.groove-identity-message
gjc;x-chemical/x-gaussian-input
gjf;x-chemical/x-gaussian-input
gl;video/x-gl
glade;application/x-glade
glb;model/gltf-binary
glbin;application/gltf-buffer
glbuf;application/gltf-buffer
gltf;model/gltf+json
gml;application/gml+xml,text/vnd.gml
gmo;application/x-gettext-translation
gmx;application/vnd.gmx
gnc;application/x-gnucash
gnd;application/x-gnunet-directory
gnucash;application/x-gnucash
gnumeric;application/x-gnumeric
gnuplot;application/x-gnuplot
go;text/x-go
gp;application/x-gnuplot
gpg;application/pgp-encrypted,application/pgp-keys,application/pgp-signature
gph;application/vnd.flographit
gpkg;application/geopackage+sqlite3
gpkg.tar;application/vnd.gentoo.gpkg
gplt;application/x-gnuplot
gpt;x-chemical/x-mopac-graph
gpx;application/x-gpx+xml
gqf;application/vnd.grafeq
gqs;application/vnd.grafeq
gra;application/x-graphite
gram;application/srgs
gramps;application/x-gramps-xml
grd;application/vnd.gentics.grd+json
gre;application/vnd.geometry-explorer
grv;application/vnd.groove-injector
grxml;application/srgs+xml
gs;text/x-genie
gsd;audio/x-gsm
gsf;application/x-font,application/x-font-ghostscript,application/x-font-type1
gsheet;application/urc-grpsheet+xml
gsm;model/vnd.gs-gdl,audio/x-gsm
gsp;application/x-gsp
gss;application/x-gss
gtar;application/x-gtar,application/x-tar
gtm;application/vnd.groove-tool-message
gtw;model/vnd.gtw
gv;text/vnd.graphviz
gvp;text/x-google-video-pointer
gxf;application/x-gxf
gxt;application/vnd.geonext
gz;application/gzip,application/tlsrpt+gzip,application/x-gzip,application/x-compressed
gzip;application/x-gzip,multipart/x-gzip
h;text/x-chdr,text/x-c,text/x-h,text/plain
h++;text/x-c++hdr
h261;video/h261
h263;video/h263
h264;video/h264
h4;application/x-hdf
h5;application/x-hdf
hal;application/vnd.hal+xml
hans;text/vnd.hans
hbc;application/vnd.fints,application/vnd.hbci
hbci;application/vnd.fints,application/vnd.hbci
hdf;application/x-hdf
hdf4;application/x-hdf
hdf5;application/x-hdf
hdr;image/vnd.radiance
hdt;application/vnd.hdt
heic;image/heic
heics;image/heic-sequence
heif;image/heif,image/avif
heifs;image/avif,image/heif-sequence
hej2;image/hej2k
held;application/atsc-held+xml
heldxml;application/held+xml
help;application/x-helpfile
hep;application/x-hep
hgl;text/vnd.hgl,application/vnd.hp-hpgl
hh;text/x-c++hdr,text/x-c,text/x-h,text/plain
hif;image/avif,image/heic,image/heic-sequence,image/heif,image/heif-sequence
hin;x-chemical/x-hin
hjif;haptics/hjif
hlb;text/x-script
hlp;application/x-winhlp,application/x-hlp,application/x-helpfile,application/x-winhelp,text/plain
hmpg;haptics/hmpg
hp;text/x-c++hdr
hpg;application/vnd.hp-hpgl
hpgl;application/vnd.hp-hpgl
hpi;application/vnd.hp-hpid
hpid;application/vnd.hp-hpid
hpp;text/x-c++hdr,text/plain
hps;application/vnd.hp-hps
hqx;application/mac-binhex40,application/x-binhex,application/x-binhex4,application/x-mac-binhex,application/x-binhex40,application/x-mac-binhex40
hs;text/x-haskell
hsj2;image/hsj2
hsl;application/vnd.hsl
hta;application/x-hta
htc;text/x-component
htke;application/vnd.kenameaapp,application/vnd.kenameapp
htm;text/html
html;text/html
htmls;text/html
htmlx;text/html
htt;text/x-webviewhtml
htx;text/html
hvd;application/vnd.yamaha.hv-dic
hvp;application/vnd.yamaha.hv-voice
hvs;application/vnd.yamaha.hv-script
hwp;application/x-hwp
hwt;application/x-hwt
hxx;text/x-c++hdr
i2g;application/vnd.intergeo
ic1;application/vnd.commerce-battelle
ica;application/vnd.commerce-battelle,application/x-ica
icb;image/x-tga
icc;application/vnd.commerce-battelle,application/vnd.iccprofile
icd;application/vnd.commerce-battelle
ice;x-conference/x-cooltalk
icf;application/vnd.commerce-battelle
icm;application/vnd.iccprofile
icns;image/x-icns
ico;image/vnd.microsoft.icon,image/x-icon
ics;text/calendar
icz;text/calendar
idc;text/plain
idl;text/x-idl
ief;image/ief
iefs;image/ief
iepd;application/vnd.nato.openxmlformats-package.iepd+zip
ifb;text/calendar
ifc;application/p21
iff;image/x-ilbm
ifm;application/vnd.shana.informed.formdata
iges;model/iges,application/iges
igl;application/vnd.igloader
igm;application/vnd.insors.igm
ign;application/vnd.coreos.ignition+json
ignition;application/vnd.coreos.ignition+json
igs;model/iges,application/iges
igx;application/vnd.micrografx.igx
iif;application/vnd.shana.informed.interchange
iii;application/x-iphone
ilbm;image/x-ilbm
ima;application/x-ima
imagemap;application/x-imagemap
imap;application/x-imagemap,application/x-httpd-imap
ime;text/x-imelody
imf;application/vnd.imagemeter.folder+zip
img;application/vnd.efi.img,application/x-raw-disk-image
imgcal;application/vnd.3lightssoftware.imagescal
imi;application/vnd.imagemeter.image+zip
imp;application/vnd.accpac.simply.imp
ims;application/vnd.ms-ims
imscc;application/vnd.ims.imsccv1p1,application/vnd.ims.imsccv1p2,application/vnd.ims.imsccv1p3
imy;text/x-imelody
in;text/plain
inf;application/x-inf
info;application/x-info
ini;text/plain
ink;application/inkml+xml
inkml;application/inkml+xml
inkml+xml;application/inkml+xml
inp;x-chemical/x-gamess-input
ins;application/x-internet-signup,application/x-internett-signup,text/x-tex
install;application/x-install-instructions
iota;application/vnd.astraea-software.iota
ip;application/x-ip2
ipfix;application/ipfix
ipk;application/vnd.shana.informed.package
ipns-record;application/vnd.ipfs.ipns-record
iptables;text/x-iptables
irm;application/vnd.ibm.rights-management
irp;application/vnd.irepository.package+xml
ism;model/vnd.gs-gdl
iso;application/vnd.efi.iso,application/x-iso9660-image,application/x-cd-image,application/x-wii-rom,application/x-gamecube-rom,application/octet-stream
iso9660;application/x-cd-image
isp;application/x-internet-signup
ist;x-chemical/x-isostar
istc;application/vnd.veryant.thin
istr;x-chemical/x-isostar
isu;video/x-isvideo
isws;application/vnd.veryant.thin
it;audio/x-it
it87;application/x-it87
itp;application/vnd.shana.informed.formtemplate
its;application/its+xml
iv;application/x-inventor
ivp;application/vnd.immervision-ivp
ivr;x-i-world/x-i-vrml
ivs;haptics/ivs
ivu;application/vnd.immervision-ivu
ivy;application/x-livescreen
j2c;image/j2c
j2k;image/j2c
jad;text/vnd.sun.j2me.app-descriptor
jaii;image/jaii
jais;image/jais
jam;application/vnd.jam,application/x-jam,audio/x-jam
jar;application/java-archive,application/vnd.osgi.bundle,application/x-java-archive
jav;text/x-java-source,text/plain
java;text/x-java,text/x-java-source,text/plain
jceks;application/x-java-jce-keystore
jcm;application/x-java-commerce
jdx;x-chemical/x-jcamp-dx
jfif;image/jpeg,image/x-pjpeg
jfif-tbnl;image/jpeg
jhc;image/jphc
jisp;application/vnd.jisp
jks;application/x-java-keystore
jls;image/jls
jlt;application/vnd.hp-jlyt
jmz;application/x-jmol
jng;image/x-jng
jnlp;application/x-java-jnlp-file
joda;application/vnd.joost.joda-archive
jp2;image/jp2
jpe;image/jpeg,image/x-pjpeg
jpeg;image/jpeg,image/x-pjpeg
jpf;image/jpx,image/jp2
jpg;image/jpeg,image/x-pjpeg
jpg2;image/jp2
jpgm;image/jpm,video/jpm
jpgv;video/jpeg
jph;image/jph
jpm;image/jpm,video/jpm
jpr;application/x-jbuilder-project
jps;image/x-jps
jpx;image/jpx,application/x-jbuilder-project,image/jp2
jrd;application/jrd+json
js;application/javascript,application/node,text/javascript,application/x-javascript,application/ecmascript,text/ecmascript
jsm;application/javascript
json;application/json,application/city+json,application/coap-group+json,application/csvm+json,application/dicom+json,application/emergencycalldata.legacyesn+json,application/geo+json,application/jf2feed+json,application/linkset+json,application/tlsrpt+json,application/vnd.amadeus+json,application/vnd.api+json,application/vnd.aplextor.warrp+json,application/vnd.apothekende.reservation+json,application/vnd.avalon+json,application/vnd.bekitzur-stech+json,application/vnd.byu.uapi+json,application/vnd.capasystems-pg+json,application/vnd.cncf.helm.config.v1+json,application/vnd.collection+json,application/vnd.collection.doc+json,application/vnd.collection.next+json,application/vnd.cryptii.pipe+json,application/vnd.cyclonedx+json,application/vnd.d3m-dataset,application/vnd.d3m-problem,application/vnd.datapackage+json,application/vnd.dataresource+json,application/vnd.drive+json,application/vnd.eclipse.ditto+json,application/vnd.geo+json,application/vnd.hal+json,application/vnd.hc+json,application/vnd.heroku+json,application/vnd.hyper+json,application/vnd.hyper-item+json,application/vnd.hyperdrive+json,application/vnd.ims.lis.v2.result+json,application/vnd.ims.lti.v2.toolconsumerprofile+json,application/vnd.ims.lti.v2.toolproxy+json,application/vnd.ims.lti.v2.toolproxy.id+json,application/vnd.ims.lti.v2.toolsettings+json,application/vnd.ims.lti.v2.toolsettings.simple+json,application/vnd.infotech.project,application/vnd.ipld.dag-json,application/vnd.leap+json,application/vnd.mason+json,application/vnd.micro+json,application/vnd.miele+json,application/vnd.nacamar.ybrid+json,application/vnd.nearst.inv+json,application/vnd.oai.workflows,application/vnd.oai.workflows+json,application/vnd.oftn.l10n+json,application/vnd.oracle.resource+json,application/vnd.restful+json,application/vnd.seis+json,application/vnd.shootproof+json,application/vnd.siren+json,application/vnd.tableschema+json,application/vnd.vel+json,application/vnd.veritone.aion+json,application/vnd.xacml+json,application/webpush-options+json
json-patch;application/json-patch+json
jsonld;application/ld+json,application/vnd.ims.lis.v2.result+json,application/vnd.ims.lti.v2.toolconsumerprofile+json,application/vnd.ims.lti.v2.toolproxy+json,application/vnd.ims.lti.v2.toolproxy.id+json,application/vnd.ims.lti.v2.toolsettings+json,application/vnd.ims.lti.v2.toolsettings.simple+json
jsonml;application/x-jsonml+json
jsontd;application/td+json
jsontm;application/tm+json
jt;model/jt
jtd;text/vnd.esmertec.theme-descriptor
jut;image/x-jutvision
jxl;image/jxl
jxr;image/jxr
jxra;image/jxra
jxrs;image/jxrs
jxs;image/jxs
jxsc;image/jxsc
jxsi;image/jxsi
jxss;image/jxss
k25;image/x-kodak-k25
kar;audio/x-midi,x-music/x-karaoke
karbon;application/vnd.kde.karbon,application/x-karbon
kcl;text/vnd.zoo.kcl
kcm;application/vnd.nervana
kdc;image/x-kodak-kdc
kdelnk;application/x-desktop
kdl;application/vnd.kdl
kexi;application/x-kexiproject-sqlite2,application/x-kexiproject-sqlite3
kexic;application/x-kexi-connectiondata
kexis;application/x-kexiproject-shortcut
key;application/vnd.apple.keynote,application/pgp-keys,application/x-iwork-keynote-sffkey
kfo;application/vnd.kde.kformula,application/x-kformula
kia;application/vnd.kidspiration
kil;application/x-killustrator
kin;x-chemical/x-kinemage
kino;application/smil+xml
kml;application/vnd.google-earth.kml+xml
kmp;application/vnd.keyman.kmp+zip
kmx;application/vnd.keyman.kmx
kmz;application/vnd.google-earth.kmz
kne;application/vnd.kinar
knp;application/vnd.kinar
kom;application/vnd.fints,application/vnd.hbci
kon;application/vnd.kde.kontour,application/x-kontour
koz;audio/vnd.audiokoz
kpm;application/x-kpovmodeler
kpr;application/vnd.kde.kpresenter,application/x-kpresenter
kpt;application/vnd.kde.kpresenter,application/x-kpresenter
kpxx;application/vnd.ds-keypoint
kra;application/x-krita
ks;application/x-java-keystore
ksh;application/x-ksh,text/x-script.ksh,text/plain
ksp;application/vnd.kde.kspread,application/x-kspread
ktr;application/vnd.kahootz
ktx;image/ktx
ktx2;image/ktx2
ktz;application/vnd.kahootz
kud;application/x-kugar
kwd;application/vnd.kde.kword,application/x-kword
kwt;application/vnd.kde.kword,application/x-kword
l16;audio/l16
la;audio/x-nspaudio,application/x-shared-library-la
lam;audio/x-liveaudio
lasjson;application/vnd.las.las+json
lasxml;application/vnd.las.las+xml
latex;application/x-latex,text/x-tex
lbc;audio/ilbc
lbd;application/vnd.llamagraphics.life-balance.desktop
lbe;application/vnd.llamagraphics.life-balance.exchange+xml
lbm;image/x-ilbm
lca;application/vnd.logipipe.circuit+zip
lcs;application/vnd.logipipe.circuit+zip
ldif;text/x-ldif
les;application/vnd.hhe.lesson-player
lgr;application/lgr+xml
lha;application/x-lha,application/x-lzh-compressed,application/octet-stream
lhs;text/x-literate-haskell
lhx;application/octet-stream
lhz;application/x-lhz
lhzd;application/vnd.belightsoft.lhzd+zip
lhzl;application/vnd.belightsoft.lhzl+zip
lin;application/x-bbolin
line;application/vnd.nebumind.line
link66;application/vnd.route66.link66+xml
list;text/plain
list3820;application/vnd.afpc.modca,application/vnd.ibm.modcap
listafp;application/vnd.afpc.modca,application/vnd.ibm.modcap
lma;audio/x-nspaudio
lmp;model/vnd.gs-gdl
lnk;application/x-ms-shortcut
loas;audio/aac,audio/usac
log;text/x-log,text/plain
loom;application/vnd.loom
lostsyncxml;application/lostsync+xml
lostxml;application/lost+xml
lot;video/lottie+json
lrf;application/octet-stream
lrm;application/vnd.ms-lrm
lrv;video/mp4
lrz;application/x-lrzip
lsf;video/x-la-asf
lsp;application/x-lisp,text/x-script.lisp
lst;text/plain
lsx;video/x-la-asf,text/x-la-asf
ltf;application/vnd.frogans.ltf
ltx;text/x-tex,application/x-latex
lua;text/x-lua
luac;application/x-lua-bytecode
lvp;audio/vnd.lucent.voice
lwo;image/x-lwo
lwob;image/x-lwo
lwp;application/vnd.lotus-wordpro
lws;image/x-lws
lxf;application/lxf
ly;text/x-lilypond
lyx;application/x-lyx
lz;application/x-lzip
lz4;application/x-lz4
lzh;application/x-lzh,application/x-lzh-compressed,application/x-lha,application/octet-stream
lzma;application/x-lzma
lzo;application/x-lzop
lzx;application/x-lzx,application/octet-stream
m;application/vnd.wolfram.mathematica.package,text/x-m,text/x-objcsrc,text/x-matlab,text/plain
m13;application/x-msmediaview
m14;application/x-msmediaview
m15;audio/x-mod
m1u;video/vnd.mpegurl
m1v;video/mpeg
m21;application/mp21
m2a;audio/mpeg
m2t;video/mp2t
m2ts;video/mp2t
m2v;video/mpeg
m3a;audio/mpeg
m3g;application/x-m3g
m3u;application/vnd.apple.mpegurl,audio/x-mpegurl,audio/x-mpequrl
m3u8;application/vnd.apple.mpegurl,audio/x-mpegurl
m4;application/x-m4
m4a;audio/mpeg,audio/mp4
m4b;audio/x-m4b
m4p;application/mp4
m4s;video/iso.segment
m4u;video/vnd.mpegurl
m4v;video/x-m4v,video/mp4
ma;application/mathematica
mab;application/x-markaby
mads;application/mads+xml
maei;application/mmt-aei+xml
mag;application/vnd.ecowin.chart
mak;text/x-makefile
maker;application/x-maker,application/vnd.framemaker
man;application/x-troff-man,text/troff
manifest;text/cache-manifest
map;application/x-navimap,application/json
mar;application/octet-stream,text/plain
markdown;text/markdown,text/x-markdown
mathml;application/mathml+xml
mayf;application/prs.mayfile
mb;application/mathematica
mbd;application/x-mbedlet
mbk;application/vnd.mobius.mbk
mbox;application/mbox
mbsdf;application/vnd.mdl-mbsdf
mc$;application/x-magic-cap-package-1.0
mc1;application/vnd.medcalcdata
mc2;text/vnd.senx.warpscript
mcd;application/vnd.mcd,application/x-mcad,application/x-mathcad
mcf;image/x-vasa,text/x-mcf
mcif;x-chemical/x-mmcif
mcm;x-chemical/x-macmolecule
mcp;application/x-netmc
mcurl;text/vnd.curl.mcurl
md;text/markdown,text/x-markdown
mda;application/x-msaccess
mdb;application/x-msaccess,application/vnd.ms-access
mdc;application/vnd.marlin.drm.mdcf
mde;application/x-msaccess
mdf;application/x-msaccess
mdi;image/vnd.ms-modi
mdl;application/vnd.mdl
mdp;application/dash+xml
mdx;application/x-genesis-rom
me;application/x-troff-me,text/troff,text/x-troff-me
med;audio/x-mod
mermaid;application/vnd.mermaid
mesh;model/mesh
meta4;application/metalink4+xml
metalink;application/x-metalink+xml
mets;application/mets+xml
mf4;application/mf4
mfm;application/vnd.mfmp
mft;application/rpki-manifest
mgp;application/vnd.osgeo.mapguide.package,application/x-magicpoint
mgz;application/vnd.proteus.magazine
mhas;audio/mhas
mht;message/rfc822,application/x-mimearchive
mhtml;message/rfc822,application/x-mimearchive
mid;audio/sp-midi,audio/x-midi,application/x-midi,audio/x-mid,x-music/x-crescendo,x-music/x-midi
midi;audio/x-midi,application/x-midi,audio/x-mid,x-music/x-crescendo,x-music/x-midi
midi2;audio/midi-clip
mie;application/x-mie
mif;application/vnd.mif,application/x-mif,application/x-frame
mime;message/rfc822,x-www/x-mime
minipsf;audio/x-minipsf
miz;text/mizar
mj2;video/mj2
mjf;audio/x-vnd.audioexplosion.mjuicemediafile
mjp2;video/mj2
mjpg;video/x-motion-jpeg
mjs;text/ecmascript
mk;text/x-makefile
mk3d;video/matroska-3d,video/x-matroska,video/x-matroska-3d
mka;audio/matroska,audio/x-matroska
mkd;text/x-markdown,text/markdown
mks;video/x-matroska
mkv;video/matroska,video/x-matroska
ml;text/x-ocaml
ml2;application/vnd.sybyl.mol2
mli;text/x-ocaml
mlp;audio/vnd.dolby.mlp,application/vnd.dolby.mlp
mm;application/x-freemind,application/x-base64,application/x-meme,text/x-troff-mm
mmd;application/vnd.chipnuts.karaoke-mmd,application/vnd.mermaid,x-chemical/x-macromodel-input
mmdb;application/vnd.maxmind.maxmind-db
mme;application/x-base64
mmf;application/vnd.smaf,application/x-smaf
mml;text/x-mathml,application/mathml+xml
mmod;x-chemical/x-macromodel-input
mmr;image/vnd.fujixerox.edmics-mmr
mng;video/x-mng
mny;application/x-msmoney
mo;application/x-gettext-translation,text/x-modelica
mo3;audio/x-mo3
mobi;application/x-mobipocket-ebook
moc;text/x-moc
mod;application/xml-dtd,audio/x-mod
model-inter;application/vnd.vd-study
modl;application/vnd.modl
mods;application/mods+xml
mof;text/x-mof
mol;x-chemical/x-mdl-molfile
mol2;application/vnd.sybyl.mol2,x-chemical/x-mol2
moml;model/vnd.moml+xml
moo;x-chemical/x-mopac-out
moov;video/quicktime
mop;x-chemical/x-mopac-input
mopcrt;x-chemical/x-mopac-input
mov;video/quicktime
movie;video/x-sgi-movie
mp+;audio/x-musepack
mp1;audio/mpeg
mp2;audio/mpeg,video/mpeg,audio/x-mpeg,video/x-mpeg,video/x-mpeq2a,audio/x-mp2
mp21;application/mp21
mp2a;audio/mpeg
mp3;audio/mpeg,audio/x-mpeg3,audio/x-mpeg-3,video/mpeg,video/x-mpeg
mp4;application/mp4,application/mpeg4-iod,application/mpeg4-iod-xmt,audio/mp4,audio/vnd.dts.uhd,video/mp4,video/vnd.nokia.mp4vr,video/vnd.objectvideo
mp4a;audio/mp4
mp4s;application/mp4
mp4v;video/mp4
mpa;audio/mpeg,video/mpeg
mpc;application/vnd.mophun.certificate,x-chemical/x-mopac-input,application/x-project,audio/x-musepack
mpd;application/dash+xml
mpdd;application/dashdelta
mpe;video/mpeg
mpeg;video/mpeg
mpega;audio/mpeg
mpf;application/media-policy-dataset+xml,text/vnd.ms-mediapackage
mpg;video/mpeg,audio/mpeg
mpg4;application/mp4,application/mpeg4-iod,application/mpeg4-iod-xmt,audio/mp4,video/mp4
mpga;audio/mpeg
mpkg;application/vnd.apple.installer+xml
mpl;video/mp2t
mpls;video/mp2t
mpm;application/vnd.blueice.multipass
mpn;application/vnd.mophun.application
mpp;application/dash-patch+xml,application/vnd.ms-project,audio/x-musepack
mpt;application/vnd.ms-project,application/x-project
mpv;video/x-matroska,application/x-project
mpw;application/vnd.exstream-empower+zip
mpx;application/x-project
mpy;application/vnd.ibm.minipay
mqy;application/vnd.mobius.mqy
mrc;application/marc
mrcx;application/marcxml+xml
mrl;text/x-mrml
mrml;text/x-mrml
mrw;image/x-minolta-mrw
ms;application/x-troff-ms,text/troff,text/x-troff-ms
msa;application/vnd.msa-disk-image
mscml;application/mediaservercontrol+xml
mseed;application/vnd.fdsn.mseed
mseed3;application/vnd.fdsn.mseed
mseq;application/vnd.mseq
msf;application/vnd.epson.msf
msh;model/mesh
msi;application/x-msi,application/x-msdownload
msl;application/vnd.mobius.msl
msm;model/vnd.gs-gdl
msod;image/x-msod
msty;application/vnd.muvee.style
msx;application/x-msx-rom
mtl;model/mtl
mtm;audio/x-mod
mts;model/vnd.mts,video/mp2t
multitrack;audio/vnd.presonus.multitrack
mup;text/x-mup
mus;application/vnd.musician
musd;application/mmt-usd+xml
musicxml;application/vnd.recordare.musicxml+xml
mv;video/x-sgi-movie
mvb;x-chemical/x-mopac-vib,application/x-msmediaview
mvt;application/vnd.mapbox-vector-tile
mwc;application/vnd.dpgraph
mwf;application/vnd.mfer
mxf;application/mxf
mxi;application/vnd.vd-study
mxl;application/vnd.recordare.musicxml
mxmf;audio/mobile-xmf,audio/vnd.nokia.mobile-xmf
mxml;application/xhtml-voice+xml,application/xv+xml
mxs;application/vnd.triscape.mxs
mxu;video/vnd.mpegurl
my;audio/x-make
mzz;application/x-vnd.audioexplosion.mzz
n-gage;application/vnd.nokia.n-gage.symbian.install
n3;text/n3
n64;application/x-n64-rom
nap;image/naplps
naplps;image/naplps
nb;application/mathematica,application/vnd.wolfram.mathematica
nbp;application/vnd.wolfram.player,application/mathematica
nc;application/x-netcdf
ncm;application/vnd.nokia.configuration-message
ncx;application/x-dtbncx+xml
nds;application/vnd.nintendo.nitro.rom,application/x-nintendo-ds-rom
nebul;application/vnd.nebumind.line
nef;image/x-nikon-nef
nes;application/x-nes-rom
nez;application/x-nes-rom
nfo;text/x-nfo
ngdat;application/vnd.nokia.n-gage.data
nif;image/x-niff
niff;image/x-niff
nim;video/vnd.nokia.interleaved-multimedia
nimn;application/vnd.nimn
nitf;application/vnd.nitf
nix;application/x-mix-transfer
nlu;application/vnd.neurolanguage.nlu
nml;application/vnd.enliven
nnd;application/vnd.noblenet-directory
nns;application/vnd.noblenet-sealer
nnw;application/vnd.noblenet-web
not;text/x-mup
notebook;application/vnd.smart.notebook
npx;image/vnd.net-fpx
nq;application/n-quads
nsc;application/x-conference,application/x-netshow-channel
nsf;application/vnd.lotus-notes
nsv;video/x-nsv
nt;application/n-triples
ntf;application/vnd.nitf
numbers;application/vnd.apple.numbers
nvd;application/x-navidoc
nwc;application/x-nwc
nws;message/rfc822
nzb;application/x-nzb
o;application/x-object,application/octet-stream
oa2;application/vnd.fujitsu.oasys2
oa3;application/vnd.fujitsu.oasys3
oas;application/vnd.fujitsu.oasys
ob;application/vnd.1ob
obd;application/x-msbinder
obg;application/vnd.openblox.game-binary
obgx;application/vnd.openblox.game+xml
obj;model/obj,application/x-tgif,application/octet-stream
ocl;text/x-ocl
oda;application/oda
odb;application/vnd.oasis.opendocument.base,application/vnd.oasis.opendocument.database
odc;application/vnd.oasis.opendocument.chart
odf;application/vnd.oasis.opendocument.formula
odft;application/vnd.oasis.opendocument.formula-template
odg;application/vnd.oasis.opendocument.graphics
odi;application/vnd.oasis.opendocument.image
odm;application/vnd.oasis.opendocument.text-master
odp;application/vnd.oasis.opendocument.presentation
ods;application/vnd.oasis.opendocument.spreadsheet
odt;application/vnd.oasis.opendocument.text
odx;application/odx
oeb;application/vnd.openeye.oeb
oga;audio/ogg,audio/x-vorbis+ogg,audio/x-flac+ogg,audio/x-speex+ogg
ogex;model/vnd.opengex
ogg;audio/ogg,video/ogg,audio/x-vorbis+ogg,audio/x-flac+ogg,audio/x-speex+ogg,video/x-theora+ogg
ogm;video/x-ogm+ogg
ogv;video/ogg
ogx;application/ogg
old;application/x-trash
oleo;application/x-oleo
omc;application/x-omc
omcd;application/x-omcdatamaker
omcr;application/x-omcregerator
omdoc;application/x-omdoc+xml
omg;audio/atrac-advanced-lossless,audio/atrac-x,audio/atrac3
onepkg;application/x-onenote
onetmp;application/x-onenote
onetoc;application/x-onenote
onetoc2;application/x-onenote
ooc;text/x-ooc
opf;application/oebps-package+xml
opml;text/x-opml,text/x-opml+xml
oprc;application/vnd.palm
opus;audio/ogg,audio/x-opus+ogg
or3;application/vnd.lotus-organizer
ora;image/x-openraster
orf;image/x-olympus-orf
org;application/vnd.lotus-organizer
orq;application/ocsp-request
ors;application/ocsp-response
osf;application/vnd.yamaha.openscoreformat
osfpvg;application/vnd.yamaha.openscoreformat.osfpvg+xml
osm;application/vnd.openstreetmap.data+xml
ota;application/vnd.android.ota
otc;application/vnd.oasis.opendocument.chart-template
otf;font/otf,application/vnd.oasis.opendocument.formula-template,application/x-font-otf,font/x-opentype
otg;application/vnd.oasis.opendocument.graphics-template
oth;application/vnd.oasis.opendocument.text-web
oti;application/vnd.oasis.opendocument.image-template
otm;application/vnd.oasis.opendocument.text-master-template,application/vnd.oasis.opendocument.text-master
otp;application/vnd.oasis.opendocument.presentation-template
ots;application/vnd.oasis.opendocument.spreadsheet-template,application/vnd.opentimestamps.ots
ott;application/vnd.oasis.opendocument.text-template
ovl;application/vnd.afpc.modca-overlay
owl;application/vnd.biopax.rdf+xml,application/rdf+xml
owx;application/x-owl+xml
oxlicg;application/vnd.oxli.countgraph
oxps;application/oxps
oxt;application/vnd.openofficeorg.extension
oza;application/x-oz-application
p;text/x-pascal
p10;application/pkcs10,application/x-pkcs10
p12;application/pkcs12,application/x-pkcs12,application/x-pkcs-12
p21;application/p21,model/step
p65;application/x-pagemaker
p7a;application/x-pkcs7-signature
p7b;application/x-pkcs7-certificates
p7c;application/pkcs7-mime,application/x-pkcs7-mime
p7m;application/pkcs7-mime,application/x-pkcs7-mime
p7r;application/x-pkcs7-certreqresp
p7s;application/pkcs7-signature
p8;application/pkcs8
p8e;application/pkcs8-encrypted
pac;application/x-ns-proxy-autoconfig
pack;application/x-java-pack200
package;application/vnd.autopackage
pages;application/vnd.apple.pages
pak;application/x-pak
par2;application/x-par2
parquet;application/vnd.apache.parquet
part;application/x-pro_eng,application/x-partial-download
pas;text/x-pascal
pat;image/x-coreldrawpattern
patch;text/x-diff,text/x-patch
paw;application/vnd.pawaafile
pbd;application/vnd.powerbuilder6,application/vnd.powerbuilder6-s,application/vnd.powerbuilder7,application/vnd.powerbuilder7-s,application/vnd.powerbuilder75,application/vnd.powerbuilder75-s
pbm;image/x-portable-bitmap
pcap;application/vnd.tcpdump.pcap,application/x-cap
pcd;image/x-photo-cd
pce;application/x-pc-engine-rom
pcf;application/x-font,application/x-font-pcf,application/x-cisco-vpn-settings
pcf.z;application/x-font
pcl;application/vnd.hp-pcl,application/x-pcl
pclxl;application/vnd.hp-pclxl
pct;image/x-pict
pcurl;application/vnd.curl.pcurl
pcx;image/vnd.zbrush.pcx,image/x-pcx
pdb;application/vnd.palm,x-chemical/x-pdb,application/x-aportisdoc
pdc;application/x-aportisdoc
pdf;application/pdf
pdx;application/pdx
pef;image/x-pentax-pef
pem;application/pem-certificate-chain,application/x-x509-ca-cert
perl;application/x-perl
pfa;application/x-font,application/x-font-type1
pfb;application/x-font,application/x-font-type1
pfm;application/x-font-type1
pfr;application/vnd.dvb.pfr,application/font-tdpfr
pfunk;audio/x-make,audio/x-make.my.funk
pfx;application/pkcs12,application/x-pkcs12
pgb;image/vnd.globalgraphics.pgb,image/vnd.glocalgraphics.pgb
pgm;image/x-portable-graymap,image/x-portable-greymap
pgn;application/vnd.chess-pgn,application/x-chess-pgn
pgp;application/pgp-signature,application/x-pgp,application/pgp-encrypted,application/pgp-keys
php;application/x-httpd-php,application/x-php
php3;application/x-httpd-php3,application/x-php
php3p;application/x-httpd-php3-preprocessed
php4;application/x-httpd-php4,application/x-php
php5;application/x-httpd-php5,application/x-php
phps;application/x-httpd-php-source,application/x-php
pht;application/x-httpd-php
phtml;application/x-httpd-php
pic;image/vnd.radiance,image/x-pict
pict;image/x-pict
pict1;image/x-pict
pict2;image/x-pict
pil;application/vnd.piaccess.application-licence
pk;application/x-tex-pk
pkd;application/vnd.fints,application/vnd.hbci
pkg;application/vnd.apple.installer+xml,application/vnd.exstream-package,application/x-newton-compatible-pkg,application/octet-stream
pki;application/pkixcmp
pkipath;application/pkix-pkipath
pko;application/vnd.ms-pki.pko
pkr;application/pgp-keys
pl;application/x-perl,text/x-script.perl,text/plain
pla;audio/x-iriver-pla
plb;application/vnd.3gpp.pic-bw-large
plc;application/vnd.mobius.plc
plf;application/vnd.pocketlearn
plj;audio/vnd.everad.plj
pln;application/x-planperfect
plp;application/vnd.panoply
pls;audio/x-scpls,application/pls+xml
plt;application/vnd.hp-hpgl
plx;application/x-pixclscript
pm;application/x-pagemaker,application/x-perl,image/x-xpixmap,text/x-script.perl-module
pm4;application/x-pagemaker
pm5;application/x-pagemaker
pm6;application/x-pagemaker
pmd;application/x-pagemaker
pml;application/vnd.ctc-posml
png;image/png,image/vnd.mozilla.apng
pnm;image/x-portable-anymap,application/x-portable-anymap
pntg;image/x-macpaint
po;text/x-gettext-translation
pod;application/x-perl
por;application/x-spss-por
portpkg;application/vnd.macports.portpkg
pot;application/vnd.ms-powerpoint,application/x-mspowerpoint,text/x-gettext-translation-template,text/plain
potm;application/vnd.ms-powerpoint.template.macroenabled.12
potx;application/vnd.openxmlformats-officedocument.presentationml.template
pov;model/x-pov
ppa;application/vnd.ms-powerpoint
ppam;application/vnd.ms-powerpoint.addin.macroenabled.12
ppd;application/vnd.cups-ppd
ppd.gz;application/vnd.cups-ppd
ppkg;application/vnd.xmpie.ppkg
ppm;image/x-portable-pixmap
pps;application/vnd.ms-powerpoint,application/x-mspowerpoint
ppsm;application/vnd.ms-powerpoint.slideshow.macroenabled.12
ppsx;application/vnd.openxmlformats-officedocument.presentationml.slideshow
ppt;application/vnd.ms-powerpoint,application/x-mspowerpoint,application/x-powerpoint
pptm;application/vnd.ms-powerpoint.presentation.macroenabled.12
ppttc;application/vnd.think-cell.ppttc+json
pptx;application/vnd.openxmlformats-officedocument.presentationml.presentation
ppz;application/x-mspowerpoint,application/vnd.ms-powerpoint
pqa;application/vnd.palm
prc;model/prc,application/vnd.palm,application/x-mobipocket-ebook
pre;application/vnd.lotus-freelance,application/x-freelance
preminet;application/vnd.preminet
prf;application/x-pics-rules
provx;application/provenance+xml
prt;x-chemical/x-ncbi-asn1-ascii,application/x-pro_eng
prz;application/vnd.lotus-freelance
ps;application/postscript
ps-z;application/postscript
psb;application/vnd.3gpp.pic-bw-small
psd;image/vnd.adobe.photoshop,image/x-photoshop,application/octet-stream
pseg3820;application/vnd.afpc.modca,application/vnd.ibm.modcap
psf;application/x-font-linux-psf,audio/x-psf
psflib;audio/x-psflib
psfs;application/vnd.psfs
psg;application/vnd.afpc.modca-pagesegment
psid;audio/prs.sid
pskcxml;application/pskc+xml
psw;application/x-pocket-word
pt;application/vnd.snesdev-page-table
pt5;application/x-pagemaker
pti;application/vnd.pvi.ptid1,image/prs.pti
ptid;application/vnd.pvi.ptid1
ptrom;application/vnd.snesdev-page-table
pub;application/vnd.exstream-package,application/x-mspublisher,application/vnd.ms-publisher
pvb;application/vnd.3gpp.pic-bw-var
pvu;x-paleovu/x-pv
pw;application/x-pw
pwn;application/vnd.3m.post-it-notes
pwz;application/vnd.ms-powerpoint
py;application/x-python,text/x-python,text/x-script.phyton
pya;audio/vnd.ms-playready.media.pya
pyc;application/x-python-code,application/x-bytecode.python,application/x-python-bytecode
pyo;model/vnd.pytha.pyox,application/x-python-code,application/x-python-bytecode
pyox;model/vnd.pytha.pyox
pyv;video/vnd.ms-playready.media.pyv
pyx;text/x-python
qam;application/vnd.epson.quickanime
qbo;application/vnd.intu.qbo
qca;application/vnd.ericsson.quickcall
qcall;application/vnd.ericsson.quickcall
qcp;audio/evrc-qcp,audio/smv-qcp,audio/qcelp,audio/vnd.qcelp
qd3;x-world/x-3dmf
qd3d;x-world/x-3dmf
qfx;application/vnd.intu.qfx
qgs;application/x-qgis
qif;image/x-quicktime,application/x-qw
qml;text/x-qml
qmlproject;text/x-qml
qmltypes;text/x-qml
qp;application/x-qpress
qps;application/vnd.publishare-delta-tree
qt;video/quicktime
qtc;video/x-qtc
qti;image/x-quicktime,application/x-qtiplot
qtif;image/x-quicktime
qtl;application/x-quicktimeplayer,application/x-quicktime-media-link
qtvr;video/quicktime
quiz;application/vnd.quobject-quoxdocument
quox;application/vnd.quobject-quoxdocument
qvd;application/vnd.theqvd
qwd;application/vnd.quark.quarkxpress
qwt;application/vnd.quark.quarkxpress
qxb;application/vnd.quark.quarkxpress
qxd;application/vnd.quark.quarkxpress
qxl;application/vnd.quark.quarkxpress
qxt;application/vnd.quark.quarkxpress
ra;audio/x-pn-realaudio,audio/x-realaudio,audio/x-pn-realaudio-plugin,audio/vnd.rn-realaudio
raf;image/x-fuji-raf
ram;audio/x-pn-realaudio,application/x-ram
rapd;application/route-apd+xml
rar;application/vnd.rar,application/x-rar,application/x-rar-compressed
ras;image/x-cmu-raster,application/x-cmu-raster
rast;image/x-cmu-raster
raw;image/x-panasonic-raw
raw-disk-image;application/x-raw-disk-image
rax;audio/vnd.rn-realaudio
rb;application/x-ruby
rbw;application/x-ruby
rcprofile;application/vnd.ipunplugged.rcprofile
rct;application/prs.nprend
rd;x-chemical/x-mdl-rdfile
rdf;application/rdf+xml,application/vnd.biopax.rdf+xml
rdf-crypt;application/prs.rdf-xml-crypt
rdfs;application/rdf+xml
rdz;application/vnd.data-vision.rdz
reg;text/x-ms-regedit
rej;text/x-reject
relo;application/p2p-overlay+xml
reload;application/vnd.resilient.logic
rep;application/vnd.businessobjects,application/vnd.hcl-bireports
req;application/vnd.nervana
request;application/vnd.nervana
res;application/x-dtbresource+xml
rexx;text/x-script.rexx
rf;image/vnd.rn-realflash
rfcxml;application/rfc+xml
rgb;image/x-rgb
rgbe;image/vnd.radiance
rhtml;application/x-html+ruby,application/x-httpd-eruby
rif;application/reginfo+xml
rip;audio/vnd.rip
ris;application/x-research-info-systems
rl;application/resource-lists+xml
rlc;image/vnd.fujixerox.edmics-rlc
rld;application/resource-lists-diff+xml
rle;image/x-rle
rlm;application/vnd.resilient.logic
rm;audio/vnd.hns.audio,video/vnd.hns.video,audio/x-pn-realaudio,application/vnd.rn-realmedia
rmi;audio/x-midi,audio/x-mid
rmj;application/vnd.rn-realmedia
rmm;audio/x-pn-realaudio,application/vnd.rn-realmedia
rmp;audio/x-pn-realaudio-plugin,audio/x-pn-realaudio
rms;application/vnd.jcp.javame.midlet-rms,application/vnd.rn-realmedia
rmvb;application/vnd.rn-realmedia-vbr,application/vnd.rn-realmedia
rmx;application/vnd.rn-realmedia
rnc;application/relax-ng-compact-syntax
rnd;application/prs.nprend
rng;application/x-ringing-tones,application/vnd.nokia.ringing-tone,application/xml
rnx;application/vnd.rn-realplayer
roa;application/rpki-roa
roff;application/x-troff,text/troff
ros;x-chemical/x-rosdal
rp;application/vnd.relpipe,image/vnd.rn-realpix
rp9;application/vnd.cloanto.rp9
rpm;application/x-redhat-package-manager,audio/x-pn-realaudio-plugin,application/x-rpm
rpss;application/vnd.nokia.radio-presets
rpst;application/vnd.nokia.radio-preset
rq;application/sparql-query
rs;application/rls-services+xml,text/x-rust
rsat;application/atsc-rsat+xml
rsd;application/x-rsd+xml
rsheet;application/urc-ressheet+xml
rsm;model/vnd.gs-gdl
rss;application/x-rss+xml
rst;text/prs.fallenstein.rst
rt;text/richtext,text/vnd.rn-realtext
rtf;application/rtf,text/rtf,application/x-rtf,text/richtext
rtx;text/richtext,application/rtf
rusd;application/route-usd+xml
rv;video/vnd.rn-realvideo
rvx;video/vnd.rn-realvideo
rw2;image/x-panasonic-raw2
rxn;x-chemical/x-mdl-rxnfile
rxr;application/vnd.medicalholodeck.recordxr
s;text/x-asm
s11;video/vnd.sealed.mpeg1
s14;video/vnd.sealed.mpeg4
s1a;application/vnd.sealedmedia.softseal.pdf
s1e;application/vnd.sealed.xls
s1g;image/vnd.sealedmedia.softseal.gif
s1h;application/vnd.sealedmedia.softseal.html
s1j;image/vnd.sealedmedia.softseal.jpg
s1m;audio/vnd.sealedmedia.softseal.mpeg
s1n;image/vnd.sealed.png
s1p;application/vnd.sealed.ppt
s1q;video/vnd.sealedmedia.softseal.mov
s1w;application/vnd.sealed.doc
s3df;application/vnd.sealed.3df
s3m;audio/x-s3m
sac;application/tamp-sequence-adjust-confirm
saf;application/vnd.yamaha.smaf-audio
sam;application/x-amipro
sami;application/x-sami
sarif;application/sarif+json
sarif-external-properties;application/sarif-external-properties+json
sarif.json;application/sarif+json
sav;application/x-spss,application/x-spss-sav
saveme;application/octet-stream
sbk;application/x-tbook
sbml;application/sbml+xml
sbs;application/x-spss
sc;application/vnd.ibm.secure-container
scala;text/x-scala
scd;application/vnd.scribus,application/x-msschedule
scd.gz;application/vnd.scribus
sce;application/vnd.etsi.asic-e+zip
scim;application/scim+json
scl;application/vnd.sycle+xml
scld;application/vnd.doremir.scorecloud-binary-document
scm;application/scim+json,application/vnd.lotus-screencam,application/x-lotusscreencam,text/x-script.guile,text/x-script.scheme,video/x-scm,text/x-scheme
scq;application/scvp-cv-request
scr;application/x-silverlight
scs;application/vnd.etsi.asic-s+zip,application/scvp-cv-response
scsf;application/vnd.sealed.csf
sct;text/x-scriptlet
scurl;text/vnd.curl.scurl
sd;x-chemical/x-mdl-sdfile
sd2;audio/x-sd2
sda;application/vnd.stardivision.draw
sdc;application/vnd.stardivision.calc
sdd;application/vnd.stardivision.impress
sdf;application/vnd.kinar,application/vnd.stardivision.math,x-chemical/x-mdl-sdfile
sdkd;application/vnd.solent.sdkm+xml
sdkm;application/vnd.solent.sdkm+xml
sdml;text/plain
sdo;application/vnd.sealed.doc
sdoc;application/vnd.sealed.doc
sdp;application/sdp,application/x-sdp,application/vnd.stardivision.impress
sdr;application/x-sounder
sds;application/vnd.stardivision.chart
sdw;application/vnd.stardivision.writer
sea;application/x-sea
see;application/vnd.seemail
seed;application/vnd.fdsn.seed
sem;application/vnd.sealed.eml
sema;application/vnd.sema
semd;application/vnd.semd
semf;application/vnd.semf
seml;application/vnd.sealed.eml
senml;application/senml+json
senml-etchc;application/senml-etch+cbor
senml-etchj;application/senml-etch+json
senmlc;application/senml+cbor
senmle;application/senml-exi
senmlx;application/senml+xml
sensml;application/sensml+json
sensmlc;application/sensml+cbor
sensmle;application/sensml-exi
sensmlx;application/sensml+xml
ser;application/x-java-serialized-object
set;application/x-set
setpay;application/set-payment-initiation
setreg;application/set-registration-initiation
sfc;application/vnd.nintendo.snes.rom
sfd;application/vnd.font-fontforge-sfd
sfd-hdstx;application/vnd.hydrostatix.sof-data
sfs;application/vnd.spotfire.sfs
sfv;text/x-sfv
sg;application/x-sms-rom
sgb;application/x-gameboy-rom
sgf;application/x-go-sgf
sgi;image/vnd.sealedmedia.softseal.gif,image/x-sgi
sgif;image/vnd.sealedmedia.softseal.gif
sgl;application/vnd.stardivision.writer-global,application/vnd.stardivision.writer
sgm;text/sgml,text/x-sgml
sgml;text/sgml,text/x-sgml
sh;application/x-sh,text/x-sh,application/x-bsh,application/x-shar,text/x-script.sh,application/x-shellscript
shaclc;text/shaclc
shape;application/x-dia-shape
shar;application/x-shar,application/x-bsh
shc;text/shaclc
shex;text/shex
shf;application/shf+xml
shn;application/x-shorten
shp;application/vnd.shp,application/x-qgis
shtml;text/html,text/x-server-parsed-html
shx;application/vnd.shx,application/x-qgis
si;text/vnd.wap.si
siag;application/x-siag
sic;application/vnd.wap.sic
sid;application/yang-sid+json,audio/prs.sid,image/x-mrsid-image,audio/x-psid
sieve;application/sieve
sig;application/pgp-signature,application/rpki-checklist
sik;application/x-trash
sil;audio/x-silk
silo;model/mesh
sipa;application/vnd.smintio.portals.archive
sis;application/vnd.symbian.install
sisx;x-epoc/x-sisx-app,application/vnd.symbian.install
sit;application/x-stuffit,application/x-sit
sitx;application/x-stuffit,application/x-stuffitx
siv;application/sieve
sjp;image/vnd.sealedmedia.softseal.jpg
sjpg;image/vnd.sealedmedia.softseal.jpg
sk;image/x-skencil
sk1;image/x-skencil
skd;application/x-koan,application/vnd.koan
sketch;application/vnd.sketchometry
sketcho;application/vnd.sketchometry
skm;application/x-koan,application/vnd.koan
skp;application/x-koan,application/vnd.koan
skr;application/pgp-keys
skt;application/x-koan,application/vnd.koan
sl;text/vnd.wap.sl,application/x-seelogo
sla;application/vnd.scribus
sla.gz;application/vnd.scribus
slaz;application/vnd.scribus
slc;application/vnd.wap.slc
sldm;application/vnd.ms-powerpoint.slide.macroenabled.12
sldx;application/vnd.openxmlformats-officedocument.presentationml.slide
slk;text/x-spreadsheet
sls;application/route-s-tsid+xml
slt;application/vnd.epson.salt
sm;application/vnd.stepmania.stepchart
smaf;application/x-smaf
smc;application/vnd.nintendo.snes.rom
smd;application/vnd.stardivision.mail,application/x-genesis-rom
smf;application/vnd.stardivision.math
smh;application/vnd.sealed.mht
smht;application/vnd.sealed.mht
smi;application/smil,application/smil+xml,application/x-sami
smil;application/smil,application/smil+xml
smk;video/vnd.radgamettools.smacker
sml;application/smil,application/smil+xml
smo;video/vnd.sealedmedia.softseal.mov
smov;video/vnd.sealedmedia.softseal.mov
smp;audio/vnd.sealedmedia.softseal.mpeg
smp3;audio/vnd.sealedmedia.softseal.mpeg
smpg;video/vnd.sealed.mpeg1,video/vnd.sealed.mpeg4
sms;application/vnd.3gpp.sms,application/vnd.3gpp2.sms,application/x-sms-rom
smv;audio/smv,video/x-smv
smzip;application/vnd.stepmania.package
snd;audio/basic,audio/x-adpcm
snf;application/x-font-snf
so;application/x-sharedlib,application/octet-stream
soa;text/dns
soc;application/sgml-open-catalog
sofa;audio/sofa
sol;application/x-solids
sos;text/vnd.sosi
spc;x-chemical/x-galactic-spc,application/x-pkcs7-certificates,text/x-speech
spd;application/vnd.sealedmedia.softseal.pdf,application/x-font-speedo
spdf;application/vnd.sealedmedia.softseal.pdf
spdx;text/spdx
spdx.json;application/spdx+json
spec;text/x-rpm-spec
spf;application/vnd.yamaha.smaf-phrase
spl;application/x-futuresplash,application/vnd.adobe.flash.movie
spm;application/x-source-rpm
spn;image/vnd.sealed.png
spng;image/vnd.sealed.png
spo;text/vnd.in3d.spot,application/x-spss
spot;text/vnd.in3d.spot
spp;application/vnd.sealed.ppt,application/x-spss,application/scvp-vp-response
sppt;application/vnd.sealed.ppt
spq;application/scvp-vp-request
spr;application/x-sprite
sprite;application/x-sprite
sps;application/x-spss
spx;audio/ogg,audio/x-speex
sql;application/sql,application/x-sql
sr;application/vnd.sigrok.session
sr2;image/x-sony-sr2
src;application/x-wais-source
srf;image/x-sony-srf
srt;application/x-subrip
sru;application/sru+xml
srx;application/sparql-results+xml
ss;text/x-scheme
ssa;text/x-ssa
ssdl;application/x-ssdl+xml
sse;application/vnd.kodak-descriptor
ssf;application/vnd.epson.ssf
ssi;text/x-server-parsed-html
ssm;application/x-streamingmedia
ssml;application/ssml+xml
sst;application/vnd.ms-pki.certstore
ssv;application/vnd.crypto-shade-file,application/vnd.shade-save-file
ssvc;application/vnd.crypto-shade-file
ssw;video/vnd.sealed.swf
sswf;video/vnd.sealed.swf
st;application/vnd.sailingtracker.track
stc;application/vnd.sun.xml.calc.template
std;application/vnd.sun.xml.draw.template
step;model/step,application/p21,application/x-step
stf;application/vnd.wt.stf
sti;application/vnd.sun.xml.impress.template
stif;application/vnd.sealed.tiff
stix;application/stix+json
stk;application/hyperstudio
stl;model/stl,application/vnd.ms-pki.stl,application/x-sla,application/x-navistyle
stm;application/vnd.sealedmedia.softseal.html,audio/x-stm
stml;application/vnd.sealedmedia.softseal.html
stp;application/p21,model/step,application/x-step
stpnc;application/p21,model/step
stpx;model/step+xml
stpxz;model/step-xml+zip
stpz;application/p21+zip,model/step+zip
str;application/vnd.pg.format
study-inter;application/vnd.vd-study
stw;application/vnd.sun.xml.writer.template
sty;text/x-tex
sub;image/vnd.dvb.subtitle,text/vnd.dvb.subtitle,text/x-microdvd,text/x-mpsub,text/x-subviewer
sun;image/x-sun-raster
sus;application/vnd.sus-calendar
susp;application/vnd.sus-calendar
sv;text/x-svsrc
sv4cpio;application/x-sv4cpio
sv4crc;application/x-sv4crc
svc;application/vnd.dvb.service
svd;application/vnd.svd
svf;image/vnd.dwg,image/x-dwg
svg;image/svg+xml
svgz;image/svg+xml,image/x-svg+xml-compressed
svh;text/x-svhdr
svr;application/x-world,x-world/x-svr
sw;x-chemical/x-swissprot
swa;application/x-director
swf;application/vnd.adobe.flash.movie,application/x-shockwave-flash
swfl;application/x-shockwave-flash
swi;application/vnd.arastra.swi,application/vnd.aristanetworks.swi
swidtag;application/swid+xml
swm;application/x-ms-wim
sxc;application/vnd.sun.xml.calc
sxd;application/vnd.sun.xml.draw
sxg;application/vnd.sun.xml.writer.global
sxi;application/vnd.vd-study,application/vnd.sun.xml.impress
sxl;application/vnd.sealed.xls
sxls;application/vnd.sealed.xls
sxm;application/vnd.sun.xml.math
sxw;application/vnd.sun.xml.writer
sy2;application/vnd.sybyl.mol2
syft.json;application/vnd.syft+json
sylk;text/x-spreadsheet
t;application/x-troff,text/troff,application/x-perl
t2t;text/x-txt2tags
t3;application/x-t3vm-image
tag;text/prs.lines.tag
taglet;application/vnd.mynfc
tak;application/rpki-signed-tal
talk;text/x-speech
tam;application/vnd.onepager
tamp;application/vnd.onepagertamp
tamx;application/vnd.onepagertamx
tao;application/vnd.tao.intent-module-archive
tap;image/vnd.tencent.tap
tar;application/x-tar
tat;application/vnd.onepagertat
tatp;application/vnd.onepagertatp
tatx;application/vnd.onepagertatx
tau;application/tamp-apex-update
taz;application/x-gtar,application/x-tarz
tb2;application/x-bzip-compressed-tar
tbk;application/x-toolbook,application/x-tbook
tbz;application/x-gtar,application/x-bzip-compressed-tar
tbz2;application/vnd.gentoo.xpak,application/x-gtar,application/x-bzip-compressed-tar
tcap;application/vnd.3gpp2.tcap
tcl;application/x-tcl,text/x-tcl,text/x-script.tcl
tcsh;text/x-script.tcsh
tcu;application/tamp-community-update
td;application/urc-targetdesc+xml
teacher;application/vnd.smart.teacher
tei;application/tei+xml
teicorpus;application/tei+xml
ter;application/tamp-error
tex;application/x-tex,text/x-tex
texi;text/prs.texi,application/x-texinfo,text/x-texinfo
texinfo;application/x-texinfo,text/x-texinfo
text;application/x-plain,text/plain
tfi;application/thraud+xml
tfm;application/x-tex-tfm
tga;image/x-targa,image/x-tga
tgf;x-chemical/x-mdl-tgf
tgz;application/x-gtar,application/x-gnutar,application/x-compressed,application/x-gzip,application/x-compressed-tar
theme;application/x-theme
themepack;application/x-windows-themepack
thmx;application/vnd.ms-officetheme
tif;image/tiff,image/x-tiff
tiff;image/tiff,image/x-tiff
tk;text/x-tcl
tlclient;application/vnd.cendio.thinlinc.clientconf
tlrz;application/x-lrzip-compressed-tar
tlz;application/x-lzma-compressed-tar
tm;text/x-texmacs
tm.json;application/tm+json
tm.jsonld;application/tm+json
tmo;application/vnd.tmobile-livetv
tnef;application/vnd.ms-tnef
tnf;application/vnd.ms-tnef
toc;application/x-cdrdao-toc
toml;application/toml
torrent;application/x-bittorrent
tpic;image/x-tga
tpl;application/vnd.groove-tool-template
tpt;application/vnd.trid.tpt
tr;application/x-troff,text/troff
tra;application/vnd.trueapp
tree;application/vnd.rainstor.data
trig;application/trig,application/x-trig
trm;application/x-msterminal
ts;text/vnd.trolltech.linguist,text/x-texmacs,video/mp2t
tsa;application/tamp-sequence-adjust
tsd;application/timestamped-data
tsi;audio/x-tsp-audio
tsp;application/x-dsptype,audio/x-tsplayer
tsq;application/tamp-status-query
tsr;application/tamp-status-response
tst;application/vnd.etsi.timestamp-token
tsv;text/tab-separated-values
tta;audio/x-tta
ttc;font/collection,application/x-font-ttf
ttf;font/ttf,application/x-font-ttf
ttl;text/turtle
ttml;application/ttml+xml
ttx;application/x-font-ttx
tuc;application/tamp-update-confirm
tur;application/tamp-update
turbot;image/x-florian
twd;application/vnd.simtech-mindmapper
twds;application/vnd.simtech-mindmapper
txd;application/vnd.genomatix.tuxedo
txf;application/vnd.mobius.txf
txt;text/plain
txz;application/x-xz-compressed-tar
typ;text/vnd.typst
tzo;application/x-tzo
u32;application/x-authorware-bin
u3d;model/u3d
u8dsn;message/global-delivery-status
u8mdn;message/global-disposition-notification
u8msg;message/global
uccs;application/uccs+cbor
udeb;application/vnd.debian.binary-package,application/x-debian-package
ufd;application/vnd.ufdl
ufdl;application/vnd.ufdl
ufraw;application/x-ufraw
ui;application/x-designer,application/x-gtk-builder
uil;text/x-uil
uis;application/urc-uisocketdesc+xml
ujcs;application/ujcs+json
uls;text/x-iuls
ult;audio/x-mod
ulx;application/x-glulx
umj;application/vnd.umajin
unf;application/x-nes-rom
uni;text/uri-list,audio/x-mod
unif;application/x-nes-rom
unis;text/uri-list
unityweb;application/vnd.unity
unv;application/x-i-deas
uo;application/vnd.uoml+xml
uoml;application/vnd.uoml+xml
upa;application/vnd.fints,application/vnd.hbci
uri;text/uri-list
uric;text/vnd.si.uricatalogue
urim;application/vnd.uri-map
urimap;application/vnd.uri-map
uris;text/uri-list
url;application/x-mswinurl
urls;text/uri-list
usda;model/vnd.usda
usdz;model/vnd.usdz+zip
ustar;application/x-ustar,multipart/x-ustar
utz;application/vnd.uiq.theme
uu;text/x-uuencode,application/octet-stream
uue;text/x-uuencode
uva;audio/vnd.dece.audio
uvd;application/vnd.dece.data
uvf;application/vnd.dece.data
uvg;image/vnd.dece.graphic
uvh;video/vnd.dece.hd
uvi;image/vnd.dece.graphic
uvm;video/vnd.dece.mobile
uvp;video/vnd.dece.pd
uvs;video/vnd.dece.sd
uvt;application/vnd.dece.ttml+xml
uvu;video/vnd.dece.mp4,video/vnd.uvvu.mp4
uvv;video/vnd.dece.video
uvva;audio/vnd.dece.audio
uvvd;application/vnd.dece.data
uvvf;application/vnd.dece.data
uvvg;image/vnd.dece.graphic
uvvh;video/vnd.dece.hd
uvvi;image/vnd.dece.graphic
uvvm;video/vnd.dece.mobile
uvvp;video/vnd.dece.pd
uvvs;video/vnd.dece.sd
uvvt;application/vnd.dece.ttml+xml
uvvu;video/vnd.dece.mp4,video/vnd.uvvu.mp4
uvvv;video/vnd.dece.video
uvvx;application/vnd.dece.unspecified
uvvz;application/vnd.dece.zip
uvx;application/vnd.dece.unspecified
uvz;application/vnd.dece.zip
v;text/x-verilog
v64;application/x-n64-rom
val;x-chemical/x-ncbi-asn1-binary
vala;text/x-vala
vapi;text/x-vala
vbk;audio/vnd.nortel.vbk
vc;application/vc
vcard;text/vcard
vcd;application/x-cdlink
vcf;text/vcard,text/vnd.vcf,text/x-vcard
vcf.bz2;application/prs.vcfbzip2
vcfbzip2;application/prs.vcfbzip2
vcg;application/vnd.groove-vcard
vcj;application/voucher-cms+json
vcs;text/x-vcalendar,text/calendar
vct;text/vcard
vcx;application/vnd.vcx
vd;application/vividence.scriptfile
vda;application/x-vda,image/x-tga
vdo;video/x-vdo
vds;model/vnd.sap.vds
vew;application/x-groupwise
vfr;application/vnd.tml
vhd;text/x-vhdl
vhdl;text/x-vhdl
viaframe;application/vnd.tml
vis;application/vnd.informix-visionary,application/vnd.visionary
viv;video/vnd.vivo,video/x-vivo
vivo;video/vnd.vivo,video/x-vivo
vjj;application/voucher-jws+json
vlc;audio/x-mpegurl
vmd;x-chemical/x-vmd,application/x-vocaltec-media-desc
vmf;application/x-vocaltec-media-file
vms;x-chemical/x-vamas-iso14976
vmt;application/vnd.valve.source.material
vob;video/x-ms-vob,video/mpeg
voc;audio/x-voc
vor;application/vnd.stardivision.writer
vos;video/x-vosaic
vox;application/x-authorware-bin,audio/x-voxware
vp;application/vp
vqe;audio/x-twinvq-plugin
vqf;audio/x-twinvq
vql;audio/x-twinvq-plugin
vrm;x-world/x-vrml,model/vrml
vrml;model/vrml,x-world/x-vrml,application/x-vrml
vrt;x-world/x-vrt
vsc;application/vnd.vidsoft.vidconference,application/vnd.vividence.scriptfile
vsd;application/vnd.visio,application/x-visio
vsf;application/vividence.scriptfile,application/vnd.vsf
vsp4;application/vnd.vocalshaper.vsp4
vss;application/vnd.visio
vst;application/vnd.visio,application/x-visio,image/x-tga
vsw;application/vnd.visio,application/x-visio
vtd;application/vividence.scriptfile
vtf;image/vnd.valve.source.texture
vtnstd;application/vnd.veritone.aion+json
vtt;text/vtt
vtu;model/vnd.vtu
vxml;application/voicexml+xml
w3d;application/x-director
w60;application/x-wordperfect6.0
w61;application/x-wordperfect6.1
w6w;application/msword
wad;application/x-doom
wadl;application/vnd.sun.wadl+xml
wafl;application/vnd.wasmflow.wafl
wasm;application/wasm
wav;audio/vnd.dts,audio/x-wav
wax;audio/x-ms-wax,audio/x-ms-asx
wb1;application/x-qpro,application/x-quattropro
wb2;application/x-quattropro
wb3;application/x-quattropro
wbmp;image/vnd.wap.wbmp
wbs;application/vnd.criticaltools.wbs+xml
wbxml;application/vnd.wap.sic,application/vnd.wap.slc,application/vnd.wap.wbxml,application/vnd.wap.wmlc
wcm;application/vnd.ms-works
wdb;application/vnd.ms-works
wdp;image/vnd.ms-photo
web;application/vnd.xara
weba;audio/x-webm
webapp;application/x-web-app-manifest+json
webm;video/x-webm
webmanifest;application/manifest+json
webp;image/webp
wg;application/vnd.pmi.widget
wgsl;text/wgsl
wgt;application/widget
wif;application/watcherinfo+xml
wim;application/x-ms-wim
win;model/vnd.gs-gdl
wiz;application/msword
wk;application/x-123
wk1;application/x-123,application/vnd.lotus-1-2-3
wk3;application/vnd.lotus-1-2-3
wk4;application/vnd.lotus-1-2-3
wkdownload;application/x-partial-download
wks;application/vnd.lotus-1-2-3,application/vnd.ms-works
wlnk;application/link-format
wm;video/x-ms-wm
wma;audio/x-ms-wma
wmc;application/vnd.wmc
wmd;application/x-ms-wmd
wmf;image/wmf,application/x-msmetafile,x-windows/x-metafile,image/x-wmf
wml;text/vnd.wap.wml
wmlc;application/vnd.wap.wmlc
wmls;text/vnd.wap.wmlscript
wmlsc;application/vnd.wap.wmlscriptc
wmv;video/x-ms-wmv
wmx;video/x-ms-wmx,audio/x-ms-asx
wmz;application/x-ms-wmz,application/x-msmetafile
woff;font/woff,application/font-woff
woff2;font/woff2
word;application/msword
wp;application/wordperfect5.1,application/x-wordperfect,application/vnd.wordperfect
wp4;application/vnd.wordperfect
wp5;application/vnd.wordperfect5.1,application/wordperfect5.1,application/x-wordperfect,application/x-wordperfect6.0,application/vnd.wordperfect
wp6;application/x-wordperfect6.1,application/x-wordperfect,application/vnd.wordperfect
wpd;application/vnd.wordperfect,application/x-wordperfect,application/x-wpwin
wpg;application/x-wpg
wpl;application/vnd.ms-wpl
wpp;application/vnd.wordperfect
wps;application/vnd.ms-works
wq1;application/x-lotus
wqd;application/vnd.wqd
wrd;application/x-msword
wri;application/x-mswrite,application/x-wri
wrl;model/vrml,x-world/x-vrml,application/x-world
wrz;model/vrml,x-world/x-vrml
wsc;text/x-scriptlet,text/x-scriplet
wsdl;application/wsdl+xml
wsgi;text/x-python
wspolicy;application/wspolicy+xml
wsrc;application/x-wais-source
wtb;application/vnd.webturbo
wtk;application/x-wintalk
wv;application/vnd.wantverse,application/vnd.wv.csp+wbxml,audio/x-wavpack
wvc;audio/x-wavpack-correction
wvp;audio/x-wavpack
wvx;video/x-ms-wvx,audio/x-ms-asx
wwf;application/x-wwf
wz;application/x-wingz
x-png;image/png
x32;application/x-authorware-bin
x3d;application/vnd.hzn-3d-crossword,model/x3d+xml
x3db;model/x3d+fastinfoset,model/x-x3d+binary
x3dbz;model/x-x3d+binary
x3dv;model/x3d-vrml,model/x-x3d+vrml
x3dvz;model/x-x3d+vrml
x3dz;model/x3d+xml
x3f;image/x-sigma-x3f
x_b;model/vnd.parasolid.transmit.binary
x_t;model/vnd.parasolid.transmit.text
xac;application/x-gnucash
xaml;application/x-xaml+xml
xap;application/x-silverlight-app
xar;application/vnd.xara
xav;application/xcap-att+xml
xbap;application/x-ms-xbap
xbd;application/vnd.fujifilm.fb.docuworks.binder,application/vnd.fujixerox.docuworks.binder
xbel;application/x-xbel
xbl;application/xml
xbm;image/x-xbitmap,image/x-xbm
xca;application/xcap-caps+xml
xcf;application/x-xcf,image/x-xcf
xcs;application/calendar+xml
xct;application/vnd.fujifilm.fb.docuworks.container,application/vnd.fujixerox.docuworks.container
xdcf;application/vnd.gov.sk.xmldatacontainer+xml
xdd;application/bacnet-xdd+zip
xdf;application/mrb-consumer+xml,application/mrb-publish+xml,application/xcap-diff+xml
xdm;application/vnd.syncml.dm+xml
xdp;application/vnd.adobe.xdp+xml
xdr;video/x-amt-demorun
xdssc;application/dssc+xml
xdw;application/vnd.fujifilm.fb.docuworks,application/vnd.fujixerox.docuworks
xel;application/xcap-el+xml
xenc;application/xenc+xml
xer;application/patch-ops-error+xml,application/xcap-error+xml
xfd;application/vnd.xfdl
xfdf;application/xfdf,application/vnd.adobe.xfdf
xfdl;application/vnd.xfdl
xgz;x-xgl/x-drawing
xhe;audio/usac
xht;application/xhtml+xml
xhtm;application/vnd.pwg-xhtml-print+xml
xhtml;application/vnd.pwg-xhtml-print+xml,application/xhtml+xml
xhvml;application/xhtml-voice+xml,application/xv+xml
xi;audio/x-xi
xif;image/vnd.xiff
xl;application/x-excel
xla;application/vnd.ms-excel,application/x-excel,application/x-msexcel
xlam;application/vnd.ms-excel.addin.macroenabled.12
xlb;application/vnd.ms-excel,application/x-excel
xlc;application/vnd.ms-excel,application/x-excel
xld;application/x-excel,application/vnd.ms-excel
xlf;application/xliff+xml,application/x-xliff+xml,application/x-xliff
xliff;application/x-xliff
xlim;application/vnd.xmpie.xlim
xlk;application/x-excel
xll;application/x-excel,application/vnd.ms-excel
xlm;application/vnd.ms-excel,application/x-excel
xlr;application/vnd.ms-works
xls;application/vnd.ms-excel,application/x-excel,application/x-msexcel
xlsb;application/vnd.ms-excel.sheet.binary.macroenabled.12
xlsm;application/vnd.ms-excel.sheet.macroenabled.12
xlsx;application/vnd.openxmlformats-officedocument.spreadsheetml.sheet
xlt;application/vnd.ms-excel,application/x-excel
xltm;application/vnd.ms-excel.template.macroenabled.12
xltx;application/vnd.openxmlformats-officedocument.spreadsheetml.template
xlv;application/x-excel
xlw;application/vnd.ms-excel,application/x-excel,application/x-msexcel
xm;audio/x-xm
xmf;audio/x-xmf
xmi;text/x-xmi
xml;application/xml,application/cea-2018+xml,application/clue+xml,application/conference-info+xml,application/cpl+xml,application/dialog-info+xml,application/dicom+xml,application/emergencycalldata.comment+xml,application/emergencycalldata.control+xml,application/emergencycalldata.deviceinfo+xml,application/emergencycalldata.providerinfo+xml,application/emergencycalldata.serviceinfo+xml,application/emergencycalldata.subscriberinfo+xml,application/emergencycalldata.veds+xml,application/epp+xml,application/gml+xml,application/load-control+xml,application/media-policy-dataset+xml,application/odm+xml,application/pidf-diff+xml,application/prs.xsf+xml,application/reginfo+xml,application/rfc+xml,application/simple-filter+xml,application/vcard+xml,application/vnd.amundsen.maze+xml,application/vnd.avistar+xml,application/vnd.c3voc.schedule+xml,application/vnd.cyan.dean.root+xml,application/vnd.cyclonedx+xml,application/vnd.eprints.data+xml,application/vnd.etsi.pstn+xml,application/vnd.fdsn.stationxml+xml,application/vnd.fujifilm.fb.jfi+xml,application/vnd.gentoo.catmetadata+xml,application/vnd.gentoo.pkgmetadata+xml,application/vnd.gov.sk.e-form+xml,application/vnd.gpxsee.map+xml,application/vnd.informedcontrol.rms+xml,application/vnd.iptc.g2.catalogitem+xml,application/vnd.iptc.g2.conceptitem+xml,application/vnd.iptc.g2.knowledgeitem+xml,application/vnd.iptc.g2.newsitem+xml,application/vnd.iptc.g2.newsmessage+xml,application/vnd.iptc.g2.packageitem+xml,application/vnd.iptc.g2.planningitem+xml,application/vnd.oma.dd2+xml,application/vnd.openxmlformats-officedocument.custom-properties+xml,application/vnd.openxmlformats-officedocument.customxmlproperties+xml,application/vnd.openxmlformats-officedocument.drawing+xml,application/vnd.openxmlformats-officedocument.drawingml.chart+xml,application/vnd.openxmlformats-officedocument.drawingml.chartshapes+xml,application/vnd.openxmlformats-officedocument.drawingml.diagramcolors+xml,application/vnd.openxmlformats-officedocument.drawingml.diagramdata+xml,application/vnd.openxmlformats-officedocument.drawingml.diagramlayout+xml,application/vnd.openxmlformats-officedocument.drawingml.diagramstyle+xml,application/vnd.openxmlformats-officedocument.extended-properties+xml,application/vnd.openxmlformats-officedocument.presentationml.commentauthors+xml,application/vnd.openxmlformats-officedocument.presentationml.comments+xml,application/vnd.openxmlformats-officedocument.presentationml.handoutmaster+xml,application/vnd.openxmlformats-officedocument.presentationml.notesmaster+xml,application/vnd.openxmlformats-officedocument.presentationml.notesslide+xml,application/vnd.openxmlformats-officedocument.presentationml.presentation.main+xml,application/vnd.openxmlformats-officedocument.presentationml.presprops+xml,application/vnd.openxmlformats-officedocument.presentationml.slide+xml,application/vnd.openxmlformats-officedocument.presentationml.slidelayout+xml,application/vnd.openxmlformats-officedocument.presentationml.slidemaster+xml,application/vnd.openxmlformats-officedocument.presentationml.slideshow.main+xml,application/vnd.openxmlformats-officedocument.presentationml.slideupdateinfo+xml,application/vnd.openxmlformats-officedocument.presentationml.tablestyles+xml,application/vnd.openxmlformats-officedocument.presentationml.tags+xml,application/vnd.openxmlformats-officedocument.presentationml.template.main+xml,application/vnd.openxmlformats-officedocument.presentationml.viewprops+xml,application/vnd.openxmlformats-officedocument.spreadsheetml.calcchain+xml,application/vnd.openxmlformats-officedocument.spreadsheetml.chartsheet+xml,application/vnd.openxmlformats-officedocument.spreadsheetml.comments+xml,application/vnd.openxmlformats-officedocument.spreadsheetml.connections+xml,application/vnd.openxmlformats-officedocument.spreadsheetml.dialogsheet+xml,application/vnd.openxmlformats-officedocument.spreadsheetml.externallink+xml,application/vnd.openxmlformats-officedocument.spreadsheetml.pivotcachedefinition+xml,application/vnd.openxmlformats-officedocument.spreadsheetml.pivotcacherecords+xml,application/vnd.openxmlformats-officedocument.spreadsheetml.pivottable+xml,application/vnd.openxmlformats-officedocument.spreadsheetml.querytable+xml,application/vnd.openxmlformats-officedocument.spreadsheetml.revisionheaders+xml,application/vnd.openxmlformats-officedocument.spreadsheetml.revisionlog+xml,application/vnd.openxmlformats-officedocument.spreadsheetml.sharedstrings+xml,application/vnd.openxmlformats-officedocument.spreadsheetml.sheet.main+xml,application/vnd.openxmlformats-officedocument.spreadsheetml.sheetmetadata+xml,application/vnd.openxmlformats-officedocument.spreadsheetml.styles+xml,application/vnd.openxmlformats-officedocument.spreadsheetml.table+xml,application/vnd.openxmlformats-officedocument.spreadsheetml.tablesinglecells+xml,application/vnd.openxmlformats-officedocument.spreadsheetml.template.main+xml,application/vnd.openxmlformats-officedocument.spreadsheetml.usernames+xml,application/vnd.openxmlformats-officedocument.spreadsheetml.volatiledependencies+xml,application/vnd.openxmlformats-officedocument.spreadsheetml.worksheet+xml,application/vnd.openxmlformats-officedocument.theme+xml,application/vnd.openxmlformats-officedocument.themeoverride+xml,application/vnd.openxmlformats-officedocument.wordprocessingml.comments+xml,application/vnd.openxmlformats-officedocument.wordprocessingml.document.glossary+xml,application/vnd.openxmlformats-officedocument.wordprocessingml.document.main+xml,application/vnd.openxmlformats-officedocument.wordprocessingml.endnotes+xml,application/vnd.openxmlformats-officedocument.wordprocessingml.fonttable+xml,application/vnd.openxmlformats-officedocument.wordprocessingml.footer+xml,application/vnd.openxmlformats-officedocument.wordprocessingml.footnotes+xml,application/vnd.openxmlformats-officedocument.wordprocessingml.numbering+xml,application/vnd.openxmlformats-officedocument.wordprocessingml.settings+xml,application/vnd.openxmlformats-officedocument.wordprocessingml.styles+xml,application/vnd.openxmlformats-officedocument.wordprocessingml.template.main+xml,application/vnd.openxmlformats-officedocument.wordprocessingml.websettings+xml,application/vnd.openxmlformats-package.core-properties+xml,application/vnd.openxmlformats-package.digital-signature-xmlsignature+xml,application/vnd.openxmlformats-package.relationships+xml,application/vnd.recordare.musicxml+xml,application/vnd.tmd.mediaflex.api+xml,application/vnd.yamaha.openscoreformat.osfpvg+xml,application/watcherinfo+xml,application/xcon-conference-info+xml,application/xcon-conference-info-diff+xml,application/xenc+xml,application/xml-external-parsed-entity,application/xml-patch+xml,message/imdn+xml,model/vnd.moml+xml,text/vnd.iptc.newsml,text/vnd.iptc.nitf,text/vnd.wap.si,text/vnd.wap.sl,text/vnd.wap.wml,text/xml,text/xml-external-parsed-entity
xmls;application/dskpp+xml
xmt_bin;model/vnd.parasolid.transmit.binary
xmt_txt;model/vnd.parasolid.transmit.text
xmz;x-xgl/x-movie
xns;application/xcap-ns+xml
xo;application/vnd.olpc-sugar
xodp;application/vnd.collabio.xodocuments.presentation
xods;application/vnd.collabio.xodocuments.spreadsheet
xodt;application/vnd.collabio.xodocuments.document
xop;application/xop+xml
xotp;application/vnd.collabio.xodocuments.presentation-template
xots;application/vnd.collabio.xodocuments.spreadsheet-template
xott;application/vnd.collabio.xodocuments.document-template
xpak;application/vnd.gentoo.xpak
xpdl;application/xml
xpi;application/x-xpinstall
xpix;application/x-vnd.ls-xpix
xpl;application/x-xproc+xml
xpm;image/x-xpixmap,image/x-xpm
xpr;application/vnd.is-xpr
xps;application/vnd.ms-xpsdocument,application/oxps
xpw;application/vnd.intercon.formnet
xpx;application/vnd.intercon.formnet
xsd;application/xml
xsf;application/prs.xsf+xml
xsl;application/xml,application/xslt+xml
xslfo;text/x-xslfo
xslt;application/xslt+xml
xsm;application/vnd.syncml+xml
xspf;application/x-xspf+xml
xsr;video/x-amt-showrun
xtel;x-chemical/x-xtel
xul;application/vnd.mozilla.aul+xml,application/vnd.mozilla.xul+xml
xvm;application/xhtml-voice+xml,application/xv+xml
xvml;application/xhtml-voice+xml,application/xv+xml
xwd;image/x-xwindowdump,image/x-xwd
xyz;x-chemical/x-xyz,x-chemical/x-pdb
xyze;image/vnd.radiance
xz;application/x-xz
yaml;application/vnd.oai.workflows,application/vnd.oai.workflows+yaml,application/x-yaml
yang;application/yang
yin;application/yin+xml
yme;application/vnd.yaoweme
yml;application/vnd.oai.workflows+yaml,application/x-yaml
yt;application/vnd.youtube.yt,video/vnd.youtube.yt
yuv;video/vnd.planar
z;application/x-compress,application/x-compressed
z1;application/x-zmachine
z2;application/x-zmachine
z3;application/x-zmachine
z4;application/x-zmachine
z5;application/x-zmachine
z6;application/x-zmachine
z64;application/x-n64-rom
z7;application/x-zmachine
z8;application/x-zmachine
zabw;application/x-abiword
zaz;application/vnd.zzazz.deck+xml
zfc;application/vnd.filmit.zfc
zip;application/zip,application/vnd.easykaraoke.cdgdownload,application/vnd.gov.sk.e-form+zip,application/vnd.iso11783-10+zip,application/x-compressed,application/x-zip-compressed,multipart/x-zip
zir;application/vnd.zul
zirz;application/vnd.zul
zmm;application/vnd.handheld-entertainment+xml
zmt;x-chemical/x-mopac-input
zone;text/dns
zoo;application/x-zoo,application/octet-stream
zsav;application/x-spss-sav
zsh;text/x-script.zsh
zst;application/zstd
zz;application/zlib
~;application/x-trash
